<?xml version="1.0" encoding="UTF-8"?>
<xmi:XMI xmi:version="20131001" xmlns:xmi="http://www.omg.org/spec/XMI/20131001" xmlns:xsi="http://www.w3.org/2001/XMLSchema-instance" xmlns:UMLFairness="http://koblenz.de/umlfair/2020/1.0" xmlns:ecore="http://www.eclipse.org/emf/2002/Ecore" xmlns:uml="http://www.eclipse.org/uml2/5.0.0/UML" xsi:schemaLocation="http://koblenz.de/umlfair/2020/1.0 ../UMLFairness/model.profile.uml#_34Z2UL1SEemhV-rmp0ri8g">
  <uml:Model xmi:id="_WoMLsGhUEemzivOVBVTQnA" name="banking">
    <packagedElement xmi:type="uml:Package" xmi:id="_Y78-EGhUEemzivOVBVTQnA" name="signals">
      <packagedElement xmi:type="uml:Signal" xmi:id="_IS32gGhVEemzivOVBVTQnA" name="verifiedCreditCardApp"/>
      <packagedElement xmi:type="uml:Signal" xmi:id="_LFDqQGhVEemzivOVBVTQnA" name="verifiedFreeAccountApp"/>
      <packagedElement xmi:type="uml:Signal" xmi:id="_5Rkw0GhwEemzivOVBVTQnA" name="done"/>
      <packagedElement xmi:type="uml:Signal" xmi:id="_fSqv8Gn-EemWJdTkdx1Byw" name="verifiedPensionInsApp"/>
      <packagedElement xmi:type="uml:Signal" xmi:id="_J1K9EG1LEeq-ytI2pHwJIg" name="verifiedLifeInsApp"/>
      <packagedElement xmi:type="uml:Signal" xmi:id="_VWxWMOeYEeqHrfjIInc3VQ" name="loggedSuccessfully"/>
      <packagedElement xmi:type="uml:Signal" xmi:id="_fXM5UOeYEeqHrfjIInc3VQ" name="loginDenied"/>
      <packagedElement xmi:type="uml:SignalEvent" xmi:id="_3ZktMOeYEeqHrfjIInc3VQ" name="loggedSuccessfully" signal="_VWxWMOeYEeqHrfjIInc3VQ"/>
      <packagedElement xmi:type="uml:SignalEvent" xmi:id="__vyKMOeYEeqHrfjIInc3VQ" name="logingDenied" signal="_fXM5UOeYEeqHrfjIInc3VQ"/>
      <packagedElement xmi:type="uml:Signal" xmi:id="_crczgOtjEeqf2O5IBgh2Lg" name="loggedAsManager"/>
      <packagedElement xmi:type="uml:Signal" xmi:id="_vvDf8OtmEeqf2O5IBgh2Lg" name="loggedAsClerk"/>
      <packagedElement xmi:type="uml:Signal" xmi:id="_A8HPkOtsEeqf2O5IBgh2Lg" name="loggedAsCustomer"/>
      <packagedElement xmi:type="uml:Signal" xmi:id="_B8qTEO6MEeqAi7PxicS0Lg" name="clerkLoggedOut"/>
      <packagedElement xmi:type="uml:Signal" xmi:id="_S8MWUO6MEeqAi7PxicS0Lg" name="managerLoggedOut"/>
    </packagedElement>
    <packagedElement xmi:type="uml:Package" xmi:id="_as9BoGhUEemzivOVBVTQnA" name="events">
      <packagedElement xmi:type="uml:CallEvent" xmi:id="_KIxCUGhvEemzivOVBVTQnA" name="verifyLifeInsApp()" operation="_fujZQG1NEeq-ytI2pHwJIg"/>
      <packagedElement xmi:type="uml:CallEvent" xmi:id="_-AcwMGhvEemzivOVBVTQnA" name="verifyFreeAccountApp()" operation="_Uf1eEG1NEeq-ytI2pHwJIg"/>
      <packagedElement xmi:type="uml:SignalEvent" xmi:id="__XUAAGhwEemzivOVBVTQnA" name="done" signal="_5Rkw0GhwEemzivOVBVTQnA"/>
      <packagedElement xmi:type="uml:SignalEvent" xmi:id="_ExFncGh5EemzivOVBVTQnA" name="verifiedCreditCardApp" signal="_IS32gGhVEemzivOVBVTQnA"/>
      <packagedElement xmi:type="uml:SignalEvent" xmi:id="_MIZzQGh5EemzivOVBVTQnA" name="verifiedPensionInsApp" signal="_fSqv8Gn-EemWJdTkdx1Byw"/>
      <packagedElement xmi:type="uml:SignalEvent" xmi:id="_VJUbwG1UEeq-ytI2pHwJIg" name="verifiedLifeInsApp" signal="_J1K9EG1LEeq-ytI2pHwJIg"/>
      <packagedElement xmi:type="uml:SignalEvent" xmi:id="_qxWesG1VEeq-ytI2pHwJIg" name="verifiedFreeAccountApp" signal="_LFDqQGhVEemzivOVBVTQnA"/>
      <packagedElement xmi:type="uml:CallEvent" xmi:id="_K60jQG1bEeq-ytI2pHwJIg" name="verifyPensionInsApp()" operation="_mka-4GhUEemzivOVBVTQnA"/>
      <packagedElement xmi:type="uml:CallEvent" xmi:id="_awzvEG1cEeq-ytI2pHwJIg" name="verifyCreditCardApp()" operation="_n2C-0GhUEemzivOVBVTQnA"/>
      <packagedElement xmi:type="uml:CallEvent" xmi:id="__pSIUOeSEeqHrfjIInc3VQ" name="login()" operation="_mrp4AOeQEeqHrfjIInc3VQ"/>
      <packagedElement xmi:type="uml:SignalEvent" xmi:id="_zqN1UOtjEeqf2O5IBgh2Lg" name="loggedAsManager" signal="_crczgOtjEeqf2O5IBgh2Lg"/>
      <packagedElement xmi:type="uml:SignalEvent" xmi:id="_9o92EOtmEeqf2O5IBgh2Lg" name="loggedAsClerk" signal="_vvDf8OtmEeqf2O5IBgh2Lg"/>
      <packagedElement xmi:type="uml:SignalEvent" xmi:id="_Hk8kwOtsEeqf2O5IBgh2Lg" name="loggedAsCustomer" signal="_A8HPkOtsEeqf2O5IBgh2Lg"/>
      <packagedElement xmi:type="uml:SignalEvent" xmi:id="_J0mfsO6MEeqAi7PxicS0Lg" name="clerkLoggedOut" signal="_B8qTEO6MEeqAi7PxicS0Lg"/>
      <packagedElement xmi:type="uml:SignalEvent" xmi:id="_afH8QO6MEeqAi7PxicS0Lg" name="managerLoggedOut" signal="_S8MWUO6MEeqAi7PxicS0Lg"/>
    </packagedElement>
    <packagedElement xmi:type="uml:Package" xmi:id="_cmwb4GhUEemzivOVBVTQnA" name="dataTypes">
      <packagedElement xmi:type="uml:DataType" xmi:id="_2v02gGhUEemzivOVBVTQnA" name="boolean"/>
      <packagedElement xmi:type="uml:DataType" xmi:id="_9DhCIGhUEemzivOVBVTQnA" name="int"/>
    </packagedElement>
    <packagedElement xmi:type="uml:Class" xmi:id="_fDKz8GhUEemzivOVBVTQnA" name="CustomerProfile" classifierBehavior="_F2VGIGhWEemzivOVBVTQnA">
      <ownedAttribute xmi:type="uml:Property" xmi:id="_rV9bQGhUEemzivOVBVTQnA" name="age" isStatic="true" type="_9DhCIGhUEemzivOVBVTQnA"/>
      <ownedAttribute xmi:type="uml:Property" xmi:id="_spyaoGhUEemzivOVBVTQnA" name="healthy" isStatic="true" type="_2v02gGhUEemzivOVBVTQnA"/>
      <ownedAttribute xmi:type="uml:Property" xmi:id="_v37KkGhUEemzivOVBVTQnA" name="ownPoints" isStatic="true" type="_9DhCIGhUEemzivOVBVTQnA" isDerived="true">
        <defaultValue xmi:type="uml:LiteralInteger" xmi:id="_UFlvAHBKEemyeskW2V54JA" name="0"/>
      </ownedAttribute>
      <ownedAttribute xmi:type="uml:Property" xmi:id="_Mr1a0GhVEemzivOVBVTQnA" name="cust" type="_gbTrkGhUEemzivOVBVTQnA" association="_MrsQ4GhVEemzivOVBVTQnA"/>
      <ownedAttribute xmi:type="uml:Property" xmi:id="_AgThAGh0EemzivOVBVTQnA" name="hasPensionInsurance" isStatic="true" type="_2v02gGhUEemzivOVBVTQnA" isDerived="true">
        <qualifier xmi:type="uml:Property" xmi:id="_HEmk0G1JEeq-ytI2pHwJIg" name="hasHealthInsurance" isStatic="true" type="_2v02gGhUEemzivOVBVTQnA" isDerived="true">
          <defaultValue xmi:type="uml:LiteralBoolean" xmi:id="_HEmk0W1JEeq-ytI2pHwJIg" name="false"/>
        </qualifier>
      </ownedAttribute>
      <ownedAttribute xmi:type="uml:Property" xmi:id="_6lZtEJYLEemAN_xv6GHBmA" name="hasLifeInsurance" isStatic="true" type="_2v02gGhUEemzivOVBVTQnA" isDerived="true"/>
      <ownedAttribute xmi:type="uml:Property" xmi:id="_TtOGEJYMEemAN_xv6GHBmA" name="hasFreeAccount" isStatic="true" type="_2v02gGhUEemzivOVBVTQnA" isDerived="true">
        <defaultValue xmi:type="uml:LiteralBoolean" xmi:id="_Wq-50HnsEeq63bnxkVrqjw" name="false"/>
      </ownedAttribute>
      <ownedAttribute xmi:type="uml:Property" xmi:id="_kH8BEG1dEeq-ytI2pHwJIg" name="hasCreditCard" isStatic="true" type="_2v02gGhUEemzivOVBVTQnA" isDerived="true"/>
      <ownedAttribute xmi:type="uml:Property" xmi:id="_au-6gHM4EeqSX7JaDZ7Cig" name="goodCreditHistory" isStatic="true" type="_2v02gGhUEemzivOVBVTQnA"/>
      <ownedAttribute xmi:type="uml:Property" xmi:id="_ALfoIHQREeqSX7JaDZ7Cig" name="income" isStatic="true" type="_9DhCIGhUEemzivOVBVTQnA"/>
      <ownedAttribute xmi:type="uml:Property" xmi:id="_u0MO4OhgEeqyOekjLEXNnQ" name="customerID" isStatic="true" type="_9DhCIGhUEemzivOVBVTQnA"/>
      <ownedAttribute xmi:type="uml:Property" xmi:id="_xEFN4OhgEeqyOekjLEXNnQ" name="mobileNum" isStatic="true" type="_9DhCIGhUEemzivOVBVTQnA"/>
      <ownedAttribute xmi:type="uml:Property" xmi:id="_d-ZlIPymEeqDu8gnqIS6Fg" name="gender" isStatic="true" type="_2v02gGhUEemzivOVBVTQnA"/>
      <ownedBehavior xmi:type="uml:StateMachine" xmi:id="_F2VGIGhWEemzivOVBVTQnA" name="CustomerProfileBehavior">
        <region xmi:type="uml:Region" xmi:id="_C0OxoGhXEemzivOVBVTQnA" name="Region1">
          <transition xmi:type="uml:Transition" xmi:id="_SYrjsGhnEemzivOVBVTQnA" source="_HR1lYGhXEemzivOVBVTQnA" target="_o-rMEGhaEemzivOVBVTQnA"/>
          <transition xmi:type="uml:Transition" xmi:id="_VMM0MGhnEemzivOVBVTQnA" source="_o-rMEGhaEemzivOVBVTQnA" target="_9C2W8GhYEemzivOVBVTQnA">
            <trigger xmi:type="uml:Trigger" xmi:id="_AF9OsGhxEemzivOVBVTQnA" name="done" event="__XUAAGhwEemzivOVBVTQnA"/>
          </transition>
          <transition xmi:type="uml:Transition" xmi:id="_WyTnoGhtEemzivOVBVTQnA" source="_o-rMEGhaEemzivOVBVTQnA" target="_rj_ogGhaEemzivOVBVTQnA">
            <trigger xmi:type="uml:Trigger" xmi:id="_KmzCIGhvEemzivOVBVTQnA" name="verifyLifeInsApp()" event="_KIxCUGhvEemzivOVBVTQnA"/>
          </transition>
          <transition xmi:type="uml:Transition" xmi:id="_ZFNeYGhtEemzivOVBVTQnA" source="_rj_ogGhaEemzivOVBVTQnA" target="_o-rMEGhaEemzivOVBVTQnA">
            <effect xmi:type="uml:OpaqueBehavior" xmi:id="_fcoMEGhwEemzivOVBVTQnA" name="cust.verifiedLifeInsApp">
              <language>Java</language>
              <body>cust.verifiedLifeInsApp</body>
            </effect>
          </transition>
          <transition xmi:type="uml:Transition" xmi:id="_c6d4sGhtEemzivOVBVTQnA" source="_o-rMEGhaEemzivOVBVTQnA" target="_GrwJ4GhkEemzivOVBVTQnA">
            <trigger xmi:type="uml:Trigger" xmi:id="_-cP7YGhvEemzivOVBVTQnA" name="verifyFreeAccountApp()" event="_-AcwMGhvEemzivOVBVTQnA"/>
          </transition>
          <transition xmi:type="uml:Transition" xmi:id="_gHbj8GhtEemzivOVBVTQnA" source="_GrwJ4GhkEemzivOVBVTQnA" target="_o-rMEGhaEemzivOVBVTQnA">
            <effect xmi:type="uml:OpaqueBehavior" xmi:id="_kdJfoGhwEemzivOVBVTQnA" name="cust.verifiedFreeAccountApp">
              <language>Java</language>
              <body>cust.verifiedFreeAccountApp</body>
            </effect>
          </transition>
          <transition xmi:type="uml:Transition" xmi:id="_C56n4G1bEeq-ytI2pHwJIg" source="_o-rMEGhaEemzivOVBVTQnA" target="_KFJU8G1aEeq-ytI2pHwJIg">
            <trigger xmi:type="uml:Trigger" xmi:id="_Lc3gYG1bEeq-ytI2pHwJIg" name="verifyPensionInsApp()" event="_K60jQG1bEeq-ytI2pHwJIg"/>
          </transition>
          <transition xmi:type="uml:Transition" xmi:id="_SRtRQG1bEeq-ytI2pHwJIg" source="_KFJU8G1aEeq-ytI2pHwJIg" target="_o-rMEGhaEemzivOVBVTQnA">
            <effect xmi:type="uml:OpaqueBehavior" xmi:id="_XYxRsG1bEeq-ytI2pHwJIg" name="cust.verifiedPensionInsApp">
              <language>JAVA</language>
              <body>cust.verifiedPensionInsApp</body>
            </effect>
          </transition>
          <transition xmi:type="uml:Transition" xmi:id="_S2KMsG1cEeq-ytI2pHwJIg" source="_o-rMEGhaEemzivOVBVTQnA" target="_eGGsYG1bEeq-ytI2pHwJIg">
            <trigger xmi:type="uml:Trigger" xmi:id="_bJy20G1cEeq-ytI2pHwJIg" name="verifyCreditCardApp()" event="_awzvEG1cEeq-ytI2pHwJIg"/>
          </transition>
          <transition xmi:type="uml:Transition" xmi:id="_ftMJgG1cEeq-ytI2pHwJIg" source="_eGGsYG1bEeq-ytI2pHwJIg" target="_o-rMEGhaEemzivOVBVTQnA">
            <effect xmi:type="uml:OpaqueBehavior" xmi:id="_lL5N4G1cEeq-ytI2pHwJIg" name="cust.verifiedCreditCardApp">
              <language>JAVA</language>
              <body>cust.verifiedCreditCardApp</body>
            </effect>
          </transition>
          <subvertex xmi:type="uml:Pseudostate" xmi:id="_HR1lYGhXEemzivOVBVTQnA" name="Start2"/>
          <subvertex xmi:type="uml:FinalState" xmi:id="_9C2W8GhYEemzivOVBVTQnA" name="End2"/>
          <subvertex xmi:type="uml:State" xmi:id="_o-rMEGhaEemzivOVBVTQnA" name="Idle"/>
          <subvertex xmi:type="uml:State" xmi:id="_rj_ogGhaEemzivOVBVTQnA" name="VerifyingLifeInsuranceApplication">
            <region xmi:type="uml:Region" xmi:id="_z6XdkGhaEemzivOVBVTQnA" name="Region1">
              <transition xmi:type="uml:Transition" xmi:id="_MtW_oGhnEemzivOVBVTQnA" source="_z6ZSwGhaEemzivOVBVTQnA" target="_2Ip6EGhaEemzivOVBVTQnA"/>
              <transition xmi:type="uml:Transition" xmi:id="_NfBGEGhnEemzivOVBVTQnA" guard="_QOMysGhzEemzivOVBVTQnA" source="_2Ip6EGhaEemzivOVBVTQnA" target="_TDf0kGhiEemzivOVBVTQnA">
                <ownedRule xmi:type="uml:Constraint" xmi:id="_QOMysGhzEemzivOVBVTQnA" name="healthy==true">
                  <specification xmi:type="uml:OpaqueExpression" xmi:id="_QOMysWhzEemzivOVBVTQnA" name="healthy==true">
                    <language>Java</language>
                    <body>healthy==true</body>
                  </specification>
                </ownedRule>
                <effect xmi:type="uml:OpaqueBehavior" xmi:id="_15vK8GhzEemzivOVBVTQnA" name="hasLifeInsurance=true; ownPoints=ownPoints+35">
                  <language>Java</language>
                  <body>hasLifeInsurance=true; ownPoints=ownPoints+35</body>
                </effect>
              </transition>
              <transition xmi:type="uml:Transition" xmi:id="_Ocs2UGhnEemzivOVBVTQnA" guard="_XsDrYGhzEemzivOVBVTQnA" source="_2Ip6EGhaEemzivOVBVTQnA" target="_XlKzgGhjEemzivOVBVTQnA">
                <ownedRule xmi:type="uml:Constraint" xmi:id="_XsDrYGhzEemzivOVBVTQnA" name="else">
                  <specification xmi:type="uml:OpaqueExpression" xmi:id="_XsDrYWhzEemzivOVBVTQnA" name="else">
                    <language>Java</language>
                    <body>else</body>
                  </specification>
                </ownedRule>
              </transition>
              <transition xmi:type="uml:Transition" xmi:id="_PGokIGhnEemzivOVBVTQnA" source="_TDf0kGhiEemzivOVBVTQnA" target="_XlKzgGhjEemzivOVBVTQnA"/>
              <subvertex xmi:type="uml:Pseudostate" xmi:id="_z6ZSwGhaEemzivOVBVTQnA" name="Start2-1"/>
              <subvertex xmi:type="uml:State" xmi:id="_2Ip6EGhaEemzivOVBVTQnA" name="VerifyLifeInsApp"/>
              <subvertex xmi:type="uml:State" xmi:id="_TDf0kGhiEemzivOVBVTQnA" name="AcceptedLifeInsApp"/>
              <subvertex xmi:type="uml:FinalState" xmi:id="_XlKzgGhjEemzivOVBVTQnA" name="End2-1"/>
            </region>
          </subvertex>
          <subvertex xmi:type="uml:State" xmi:id="_GrwJ4GhkEemzivOVBVTQnA" name="VerifyingFreeAccountApplication">
            <region xmi:type="uml:Region" xmi:id="_OhU_AmhkEemzivOVBVTQnA" name="Region1">
              <transition xmi:type="uml:Transition" xmi:id="_IHxUkGhnEemzivOVBVTQnA" source="_OhW0MGhkEemzivOVBVTQnA" target="_RBnKcGhkEemzivOVBVTQnA"/>
              <transition xmi:type="uml:Transition" xmi:id="_JEnXUGhnEemzivOVBVTQnA" guard="_oZM-IGhzEemzivOVBVTQnA" source="_RBnKcGhkEemzivOVBVTQnA" target="_T3S-IGhkEemzivOVBVTQnA">
                <ownedRule xmi:type="uml:Constraint" xmi:id="_oZM-IGhzEemzivOVBVTQnA" name="goodCreditHistory==true &amp;&amp; ownPoints>=70">
                  <specification xmi:type="uml:OpaqueExpression" xmi:id="_oZM-IWhzEemzivOVBVTQnA" name="goodCreditHistory==true &amp;&amp; ownPoints>=70">
                    <language>Java</language>
                    <body>goodCreditHistory==true &amp;&amp; ownPoints>=70</body>
                  </specification>
                </ownedRule>
                <effect xmi:type="uml:OpaqueBehavior" xmi:id="_7dYZsGhzEemzivOVBVTQnA" name="hasFreeAccount=true">
                  <language>Java</language>
                  <body>hasFreeAccount=true</body>
                </effect>
              </transition>
              <transition xmi:type="uml:Transition" xmi:id="_J2RdwGhnEemzivOVBVTQnA" guard="_uT-TcGhzEemzivOVBVTQnA" source="_RBnKcGhkEemzivOVBVTQnA" target="_ZakZcGhkEemzivOVBVTQnA">
                <ownedRule xmi:type="uml:Constraint" xmi:id="_uT-TcGhzEemzivOVBVTQnA" name="else">
                  <specification xmi:type="uml:OpaqueExpression" xmi:id="_uT-TcWhzEemzivOVBVTQnA" name="else">
                    <language>Java</language>
                    <body>else</body>
                  </specification>
                </ownedRule>
              </transition>
              <transition xmi:type="uml:Transition" xmi:id="_KtqYwGhnEemzivOVBVTQnA" source="_T3S-IGhkEemzivOVBVTQnA" target="_ZakZcGhkEemzivOVBVTQnA"/>
              <subvertex xmi:type="uml:Pseudostate" xmi:id="_OhW0MGhkEemzivOVBVTQnA" name="Start2-2"/>
              <subvertex xmi:type="uml:State" xmi:id="_RBnKcGhkEemzivOVBVTQnA" name="VerifyFreeAccountApp"/>
              <subvertex xmi:type="uml:State" xmi:id="_T3S-IGhkEemzivOVBVTQnA" name="AcceptedFreeAccountApp"/>
              <subvertex xmi:type="uml:FinalState" xmi:id="_ZakZcGhkEemzivOVBVTQnA" name="End2-2"/>
            </region>
          </subvertex>
          <subvertex xmi:type="uml:State" xmi:id="_KFJU8G1aEeq-ytI2pHwJIg" name="VerifyingPensionInsuranceApplication">
            <region xmi:type="uml:Region" xmi:id="_Lx6_0m1aEeq-ytI2pHwJIg" name="Region1">
              <transition xmi:type="uml:Transition" xmi:id="_3rdycG1aEeq-ytI2pHwJIg" source="_Lx8N9m1aEeq-ytI2pHwJIg" target="_f4qEkG1aEeq-ytI2pHwJIg"/>
              <transition xmi:type="uml:Transition" xmi:id="_4cUnoG1aEeq-ytI2pHwJIg" source="_f4qEkG1aEeq-ytI2pHwJIg" target="_w9oogG1aEeq-ytI2pHwJIg">
                <effect xmi:type="uml:OpaqueBehavior" xmi:id="_-xI0oG1aEeq-ytI2pHwJIg" name="hasPensionInsurance=true; ownPoints=ownPoints+30">
                  <language>JAVA</language>
                  <body>hasPensionInsurance=true; ownPoints=ownPoints+30</body>
                </effect>
              </transition>
              <transition xmi:type="uml:Transition" xmi:id="_xu968HNREeqSX7JaDZ7Cig" source="_w9oogG1aEeq-ytI2pHwJIg" target="_0ngSMG1aEeq-ytI2pHwJIg"/>
              <subvertex xmi:type="uml:Pseudostate" xmi:id="_Lx8N9m1aEeq-ytI2pHwJIg" name="Start2-3"/>
              <subvertex xmi:type="uml:State" xmi:id="_f4qEkG1aEeq-ytI2pHwJIg" name="VerifyPensionInsApp"/>
              <subvertex xmi:type="uml:State" xmi:id="_w9oogG1aEeq-ytI2pHwJIg" name="AcceptedPensionInsApp"/>
              <subvertex xmi:type="uml:FinalState" xmi:id="_0ngSMG1aEeq-ytI2pHwJIg" name="End2-3"/>
            </region>
          </subvertex>
          <subvertex xmi:type="uml:State" xmi:id="_eGGsYG1bEeq-ytI2pHwJIg" name="VerifyingCreditCardApplication">
            <region xmi:type="uml:Region" xmi:id="_gZpcUG1bEeq-ytI2pHwJIg" name="Region1">
              <transition xmi:type="uml:Transition" xmi:id="_KP46cG1cEeq-ytI2pHwJIg" source="_gZqDZW1bEeq-ytI2pHwJIg" target="_-1qS0G1bEeq-ytI2pHwJIg"/>
              <transition xmi:type="uml:Transition" xmi:id="_MdL4cG1cEeq-ytI2pHwJIg" guard="_26uAUHQQEeqSX7JaDZ7Cig" source="_-1qS0G1bEeq-ytI2pHwJIg" target="_EdGccG1cEeq-ytI2pHwJIg">
                <ownedRule xmi:type="uml:Constraint" xmi:id="_5QRFsG1dEeq-ytI2pHwJIg" name="goodCreditHistory==true">
                  <specification xmi:type="uml:OpaqueExpression" xmi:id="_5QRFsW1dEeq-ytI2pHwJIg" name="goodCreditHistory==true">
                    <language>JAVA</language>
                    <body>goodCreditHistory==true</body>
                  </specification>
                </ownedRule>
                <ownedRule xmi:type="uml:Constraint" xmi:id="_26uAUHQQEeqSX7JaDZ7Cig" name="income>=2500">
                  <specification xmi:type="uml:OpaqueExpression" xmi:id="_26uAUXQQEeqSX7JaDZ7Cig" name="income>=2500">
                    <language>JAVA</language>
                    <body>income>=2500</body>
                  </specification>
                </ownedRule>
                <effect xmi:type="uml:OpaqueBehavior" xmi:id="_rR3GkG1cEeq-ytI2pHwJIg" name="hasCreditCard=true; ownPoints=ownPoints+35">
                  <language>JAVA</language>
                  <body>hasCreditCard=true; ownPoints=ownPoints+35</body>
                </effect>
              </transition>
              <transition xmi:type="uml:Transition" xmi:id="_NZYa8G1cEeq-ytI2pHwJIg" source="_EdGccG1cEeq-ytI2pHwJIg" target="_IaCzIG1cEeq-ytI2pHwJIg"/>
              <transition xmi:type="uml:Transition" xmi:id="_gr1G0HQREeqSX7JaDZ7Cig" guard="_p6hD8HQREeqSX7JaDZ7Cig" source="_-1qS0G1bEeq-ytI2pHwJIg" target="_IaCzIG1cEeq-ytI2pHwJIg">
                <ownedRule xmi:type="uml:Constraint" xmi:id="_p6hD8HQREeqSX7JaDZ7Cig" name="else">
                  <specification xmi:type="uml:OpaqueExpression" xmi:id="_p6hD8XQREeqSX7JaDZ7Cig" name="else">
                    <language>JAVA</language>
                    <body>else</body>
                  </specification>
                </ownedRule>
              </transition>
              <subvertex xmi:type="uml:Pseudostate" xmi:id="_gZqDZW1bEeq-ytI2pHwJIg" name="Start2-4"/>
              <subvertex xmi:type="uml:State" xmi:id="_-1qS0G1bEeq-ytI2pHwJIg" name="VerifyCreditCardApp"/>
              <subvertex xmi:type="uml:State" xmi:id="_EdGccG1cEeq-ytI2pHwJIg" name="AcceptedCreditCardApp"/>
              <subvertex xmi:type="uml:FinalState" xmi:id="_IaCzIG1cEeq-ytI2pHwJIg" name="End2-4"/>
            </region>
          </subvertex>
        </region>
      </ownedBehavior>
      <ownedOperation xmi:type="uml:Operation" xmi:id="_mka-4GhUEemzivOVBVTQnA" name="verifyPensionInsApp"/>
      <ownedOperation xmi:type="uml:Operation" xmi:id="_n2C-0GhUEemzivOVBVTQnA" name="verifyCreditCardApp"/>
      <ownedOperation xmi:type="uml:Operation" xmi:id="_Uf1eEG1NEeq-ytI2pHwJIg" name="verifyFreeAccountApp"/>
      <ownedOperation xmi:type="uml:Operation" xmi:id="_fujZQG1NEeq-ytI2pHwJIg" name="verifyLifeInsApp"/>
      <ownedReception xmi:type="uml:Reception" xmi:id="_2NLLsGhwEemzivOVBVTQnA" name="done" signal="_5Rkw0GhwEemzivOVBVTQnA"/>
    </packagedElement>
    <packagedElement xmi:type="uml:Class" xmi:id="_gbTrkGhUEemzivOVBVTQnA" name="Customer" classifierBehavior="_QIUzAGhZEemzivOVBVTQnA">
      <generalization xmi:type="uml:Generalization" xmi:id="_yW_FcOeKEeqHrfjIInc3VQ" general="_KIdMAOeKEeqHrfjIInc3VQ"/>
      <ownedAttribute xmi:type="uml:Property" xmi:id="_Mr2B4GhVEemzivOVBVTQnA" name="custProf" type="_fDKz8GhUEemzivOVBVTQnA" association="_MrsQ4GhVEemzivOVBVTQnA">
        <lowerValue xmi:type="uml:LiteralInteger" xmi:id="_hbI0sGzlEemKyMaTIZOcnA" value="1"/>
        <upperValue xmi:type="uml:LiteralUnlimitedNatural" xmi:id="_hbPiYGzlEemKyMaTIZOcnA" value="1"/>
      </ownedAttribute>
      <ownedAttribute xmi:type="uml:Property" xmi:id="_Fks2sGhuEemzivOVBVTQnA" name="applyForPensionInsurance" isStatic="true" type="_2v02gGhUEemzivOVBVTQnA"/>
      <ownedAttribute xmi:type="uml:Property" xmi:id="_IZjj8GhuEemzivOVBVTQnA" name="applyForLifeInsurance" isStatic="true" type="_2v02gGhUEemzivOVBVTQnA"/>
      <ownedAttribute xmi:type="uml:Property" xmi:id="_jCN0UG1LEeq-ytI2pHwJIg" name="applyForFreeAccount" isStatic="true" type="_2v02gGhUEemzivOVBVTQnA"/>
      <ownedAttribute xmi:type="uml:Property" xmi:id="_6LSosG1LEeq-ytI2pHwJIg" name="applyForCreditCard" isStatic="true" type="_2v02gGhUEemzivOVBVTQnA"/>
      <ownedAttribute xmi:type="uml:Property" xmi:id="_6-m9EOtwEeqf2O5IBgh2Lg" name="loggedOut" isStatic="true" type="_2v02gGhUEemzivOVBVTQnA"/>
      <ownedBehavior xmi:type="uml:StateMachine" xmi:id="_QIUzAGhZEemzivOVBVTQnA" name="CustomerActions">
        <region xmi:type="uml:Region" xmi:id="_SYCy4GhZEemzivOVBVTQnA" name="Region1">
          <transition xmi:type="uml:Transition" xmi:id="_XKKVsGhnEemzivOVBVTQnA" source="_UkDXcGhZEemzivOVBVTQnA" target="_nu-RsOtrEeqf2O5IBgh2Lg"/>
          <transition xmi:type="uml:Transition" xmi:id="__rOLwGh2EemzivOVBVTQnA" source="_C-VogGhaEemzivOVBVTQnA" target="_UBeIoGh2EemzivOVBVTQnA"/>
          <transition xmi:type="uml:Transition" xmi:id="_AGbEkGh4EemzivOVBVTQnA" source="_UBeIoGh2EemzivOVBVTQnA" target="_rurogOtrEeqf2O5IBgh2Lg"/>
          <transition xmi:type="uml:Transition" xmi:id="_wdeS4OtrEeqf2O5IBgh2Lg" source="_nu-RsOtrEeqf2O5IBgh2Lg" target="_rurogOtrEeqf2O5IBgh2Lg"/>
          <transition xmi:type="uml:Transition" xmi:id="_xnpnAOtrEeqf2O5IBgh2Lg" source="_l-JF4OtuEeqf2O5IBgh2Lg" target="_C-VogGhaEemzivOVBVTQnA"/>
          <transition xmi:type="uml:Transition" xmi:id="_pPp58OtuEeqf2O5IBgh2Lg" source="_rurogOtrEeqf2O5IBgh2Lg" target="_l-JF4OtuEeqf2O5IBgh2Lg"/>
          <transition xmi:type="uml:Transition" xmi:id="_qhA0IOtuEeqf2O5IBgh2Lg" guard="_xokssOtuEeqf2O5IBgh2Lg" source="_l-JF4OtuEeqf2O5IBgh2Lg" target="_nu-RsOtrEeqf2O5IBgh2Lg">
            <ownedRule xmi:type="uml:Constraint" xmi:id="_xokssOtuEeqf2O5IBgh2Lg" name="loggedOut==true">
              <specification xmi:type="uml:OpaqueExpression" xmi:id="_xokssetuEeqf2O5IBgh2Lg" name="loggedOut==true">
                <language>JAVA</language>
                <body>loggedOut==true</body>
              </specification>
            </ownedRule>
            <effect xmi:type="uml:OpaqueBehavior" xmi:id="_ukEtwO6LEeqAi7PxicS0Lg" name="custProf.done">
              <language>JAVA</language>
              <body>custProf.done</body>
            </effect>
          </transition>
          <transition xmi:type="uml:Transition" xmi:id="_vg2fEO6LEeqAi7PxicS0Lg" source="_nu-RsOtrEeqf2O5IBgh2Lg" target="_lu5fkGhpEemzivOVBVTQnA"/>
          <subvertex xmi:type="uml:Pseudostate" xmi:id="_UkDXcGhZEemzivOVBVTQnA" name="Start1"/>
          <subvertex xmi:type="uml:State" xmi:id="_C-VogGhaEemzivOVBVTQnA" name="ChoiceEntry"/>
          <subvertex xmi:type="uml:FinalState" xmi:id="_lu5fkGhpEemzivOVBVTQnA" name="End1"/>
          <subvertex xmi:type="uml:State" xmi:id="_UBeIoGh2EemzivOVBVTQnA" name="SendApplicationStateMachine">
            <region xmi:type="uml:Region" xmi:id="_a7MZgmh2EemzivOVBVTQnA" name="Region1">
              <transition xmi:type="uml:Transition" xmi:id="_SW_uYGh3EemzivOVBVTQnA" source="_FCaS4Gh3EemzivOVBVTQnA" target="_fsmTAGh2EemzivOVBVTQnA"/>
              <transition xmi:type="uml:Transition" xmi:id="_TlAZoGh3EemzivOVBVTQnA" guard="_LVPGYGh4EemzivOVBVTQnA" source="_fsmTAGh2EemzivOVBVTQnA" target="_spbV0Gh2EemzivOVBVTQnA">
                <ownedRule xmi:type="uml:Constraint" xmi:id="_LVPGYGh4EemzivOVBVTQnA" name="applyForCreditCard==true">
                  <specification xmi:type="uml:OpaqueExpression" xmi:id="_LVPGYWh4EemzivOVBVTQnA" name="applyForCreditCard==true">
                    <language>Java</language>
                    <body>applyForCreditCard==true</body>
                  </specification>
                </ownedRule>
                <effect xmi:type="uml:OpaqueBehavior" xmi:id="_bWH6oGh5EemzivOVBVTQnA" name="custProf.verifyCreditCardApp()">
                  <language>Java</language>
                  <body>custProf.verifyCreditCardApp()</body>
                </effect>
              </transition>
              <transition xmi:type="uml:Transition" xmi:id="_VK8csGh3EemzivOVBVTQnA" source="_spbV0Gh2EemzivOVBVTQnA" target="_vcmBAGh2EemzivOVBVTQnA">
                <trigger xmi:type="uml:Trigger" xmi:id="_FN6GUGh5EemzivOVBVTQnA" name="verifiedCreditCardApp" event="_ExFncGh5EemzivOVBVTQnA"/>
              </transition>
              <transition xmi:type="uml:Transition" xmi:id="_WNYKEGh3EemzivOVBVTQnA" source="_vcmBAGh2EemzivOVBVTQnA" target="_GapRIGh3EemzivOVBVTQnA"/>
              <transition xmi:type="uml:Transition" xmi:id="_Xt5hoGh3EemzivOVBVTQnA" guard="_dPcpMGh4EemzivOVBVTQnA" source="_fsmTAGh2EemzivOVBVTQnA" target="_GapRIGh3EemzivOVBVTQnA">
                <ownedRule xmi:type="uml:Constraint" xmi:id="_dPcpMGh4EemzivOVBVTQnA" name="applyForCreditCard==false">
                  <specification xmi:type="uml:OpaqueExpression" xmi:id="_dPcpMWh4EemzivOVBVTQnA" name="applyForCreditCard==false">
                    <language>Java</language>
                    <body>applyForCreditCard==false</body>
                  </specification>
                </ownedRule>
              </transition>
              <subvertex xmi:type="uml:Pseudostate" xmi:id="_fsmTAGh2EemzivOVBVTQnA" name="Choice1" kind="choice"/>
              <subvertex xmi:type="uml:State" xmi:id="_spbV0Gh2EemzivOVBVTQnA" name="CreditCardAppSent"/>
              <subvertex xmi:type="uml:State" xmi:id="_vcmBAGh2EemzivOVBVTQnA" name="CreditCardAppVerified"/>
              <subvertex xmi:type="uml:Pseudostate" xmi:id="_FCaS4Gh3EemzivOVBVTQnA" name="Start1-1"/>
              <subvertex xmi:type="uml:FinalState" xmi:id="_GapRIGh3EemzivOVBVTQnA" name="End1-1"/>
            </region>
            <region xmi:type="uml:Region" xmi:id="_bTHKQGh2EemzivOVBVTQnA" name="Region2">
              <transition xmi:type="uml:Transition" xmi:id="_fucQoGh3EemzivOVBVTQnA" source="_dKNZUGh3EemzivOVBVTQnA" target="_kg0P8Gh2EemzivOVBVTQnA"/>
              <transition xmi:type="uml:Transition" xmi:id="_q0CsEGh3EemzivOVBVTQnA" guard="_ncBx8Gh4EemzivOVBVTQnA" source="_kg0P8Gh2EemzivOVBVTQnA" target="_gdrVMGh3EemzivOVBVTQnA">
                <ownedRule xmi:type="uml:Constraint" xmi:id="_ncBx8Gh4EemzivOVBVTQnA" name="applyForPensionInsurance==true">
                  <specification xmi:type="uml:OpaqueExpression" xmi:id="_ncCZAGh4EemzivOVBVTQnA" name="applyForPensionInsurance==true">
                    <language>Java</language>
                    <body>applyForPensionInsurance==true</body>
                  </specification>
                </ownedRule>
                <effect xmi:type="uml:OpaqueBehavior" xmi:id="_f-gbAGh5EemzivOVBVTQnA" name="custProf.verifyPensionInsApp()">
                  <language>Java</language>
                  <body>custProf.verifyPensionInsApp</body>
                </effect>
              </transition>
              <transition xmi:type="uml:Transition" xmi:id="_spWn4Gh3EemzivOVBVTQnA" source="_gdrVMGh3EemzivOVBVTQnA" target="_jFRCgGh3EemzivOVBVTQnA">
                <trigger xmi:type="uml:Trigger" xmi:id="_MhlvUGh5EemzivOVBVTQnA" name="verifiedPensionInsApp" event="_MIZzQGh5EemzivOVBVTQnA"/>
              </transition>
              <transition xmi:type="uml:Transition" xmi:id="_0APV4Gh3EemzivOVBVTQnA" source="_jFRCgGh3EemzivOVBVTQnA" target="_JPKAIGh3EemzivOVBVTQnA"/>
              <transition xmi:type="uml:Transition" xmi:id="_06IyUGh3EemzivOVBVTQnA" guard="_v3YNoGh4EemzivOVBVTQnA" source="_kg0P8Gh2EemzivOVBVTQnA" target="_JPKAIGh3EemzivOVBVTQnA">
                <ownedRule xmi:type="uml:Constraint" xmi:id="_v3YNoGh4EemzivOVBVTQnA" name="applyForPensionInsurance==false">
                  <specification xmi:type="uml:OpaqueExpression" xmi:id="_v3YNoWh4EemzivOVBVTQnA" name="applyForPensionInsurance==false">
                    <language>Java</language>
                    <body>applyForPensionInsurance==false</body>
                  </specification>
                </ownedRule>
              </transition>
              <subvertex xmi:type="uml:Pseudostate" xmi:id="_kg0P8Gh2EemzivOVBVTQnA" name="Choice2" kind="choice"/>
              <subvertex xmi:type="uml:FinalState" xmi:id="_JPKAIGh3EemzivOVBVTQnA" name="End1-2"/>
              <subvertex xmi:type="uml:Pseudostate" xmi:id="_dKNZUGh3EemzivOVBVTQnA" name="Start1-2"/>
              <subvertex xmi:type="uml:State" xmi:id="_gdrVMGh3EemzivOVBVTQnA" name="PensionAppSent"/>
              <subvertex xmi:type="uml:State" xmi:id="_jFRCgGh3EemzivOVBVTQnA" name="PensionAppVerified"/>
            </region>
            <region xmi:type="uml:Region" xmi:id="_-YUicG1OEeq-ytI2pHwJIg" name="Region3">
              <transition xmi:type="uml:Transition" xmi:id="_hrz94G1SEeq-ytI2pHwJIg" source="_KRvLAG1QEeq-ytI2pHwJIg" target="_eP_pMG1QEeq-ytI2pHwJIg"/>
              <transition xmi:type="uml:Transition" xmi:id="_kCx1QG1SEeq-ytI2pHwJIg" guard="_0ase4G1SEeq-ytI2pHwJIg" source="_eP_pMG1QEeq-ytI2pHwJIg" target="_W-A-cG1SEeq-ytI2pHwJIg">
                <ownedRule xmi:type="uml:Constraint" xmi:id="_0ase4G1SEeq-ytI2pHwJIg" name="applyForLifeInsurance==true">
                  <specification xmi:type="uml:OpaqueExpression" xmi:id="_0ase4W1SEeq-ytI2pHwJIg" name="applyForLifeInsurance==true">
                    <language>JAVA</language>
                    <body>applyForLifeInsurance==true</body>
                  </specification>
                </ownedRule>
                <effect xmi:type="uml:OpaqueBehavior" xmi:id="_XCRW4G1TEeq-ytI2pHwJIg" name="custProf.verifyLifeInsApp()">
                  <language>JAVA</language>
                  <body>custProf.verifyLifeInsApp</body>
                </effect>
              </transition>
              <transition xmi:type="uml:Transition" xmi:id="_30pdQG1SEeq-ytI2pHwJIg" source="_W-A-cG1SEeq-ytI2pHwJIg" target="_cMJQMG1SEeq-ytI2pHwJIg">
                <trigger xmi:type="uml:Trigger" xmi:id="_Vv_aMG1UEeq-ytI2pHwJIg" name="verifiedLifeInsApp" event="_VJUbwG1UEeq-ytI2pHwJIg"/>
              </transition>
              <transition xmi:type="uml:Transition" xmi:id="_axC5QG1UEeq-ytI2pHwJIg" source="_cMJQMG1SEeq-ytI2pHwJIg" target="_YHBjAG1UEeq-ytI2pHwJIg"/>
              <transition xmi:type="uml:Transition" xmi:id="_b_aw4G1UEeq-ytI2pHwJIg" guard="_juBbUG1UEeq-ytI2pHwJIg" source="_eP_pMG1QEeq-ytI2pHwJIg" target="_YHBjAG1UEeq-ytI2pHwJIg">
                <ownedRule xmi:type="uml:Constraint" xmi:id="_juBbUG1UEeq-ytI2pHwJIg" name="applyForLifeInsurance==false">
                  <specification xmi:type="uml:OpaqueExpression" xmi:id="_juBbUW1UEeq-ytI2pHwJIg" name="applyForLifeInsurance==false">
                    <language>JAVA</language>
                    <body>applyForLifeInsurance==false</body>
                  </specification>
                </ownedRule>
              </transition>
              <subvertex xmi:type="uml:Pseudostate" xmi:id="_KRvLAG1QEeq-ytI2pHwJIg" name="Start1-3"/>
              <subvertex xmi:type="uml:Pseudostate" xmi:id="_eP_pMG1QEeq-ytI2pHwJIg" name="Choice3" kind="choice"/>
              <subvertex xmi:type="uml:State" xmi:id="_W-A-cG1SEeq-ytI2pHwJIg" name="LifeAppSent"/>
              <subvertex xmi:type="uml:State" xmi:id="_cMJQMG1SEeq-ytI2pHwJIg" name="LifeAppVerified"/>
              <subvertex xmi:type="uml:FinalState" xmi:id="_YHBjAG1UEeq-ytI2pHwJIg" name="End1-3"/>
            </region>
            <region xmi:type="uml:Region" xmi:id="_GpVg8G1QEeq-ytI2pHwJIg" name="Region4">
              <transition xmi:type="uml:Transition" xmi:id="_2zq2gG1UEeq-ytI2pHwJIg" source="_NjKfgG1QEeq-ytI2pHwJIg" target="_rTtaUG1UEeq-ytI2pHwJIg"/>
              <transition xmi:type="uml:Transition" xmi:id="_3nSEwG1UEeq-ytI2pHwJIg" guard="_B_bkUG1VEeq-ytI2pHwJIg" source="_rTtaUG1UEeq-ytI2pHwJIg" target="_tMh9IG1UEeq-ytI2pHwJIg">
                <ownedRule xmi:type="uml:Constraint" xmi:id="_B_bkUG1VEeq-ytI2pHwJIg" name="applyForFreeAccount==true">
                  <specification xmi:type="uml:OpaqueExpression" xmi:id="_B_bkUW1VEeq-ytI2pHwJIg" name="applyForFreeAccount==true">
                    <language>JAVA</language>
                    <body>applyForFreeAccount==true</body>
                  </specification>
                </ownedRule>
                <effect xmi:type="uml:OpaqueBehavior" xmi:id="_Nd-EMG1VEeq-ytI2pHwJIg" name="custProf.verifyFreeAccountApp()">
                  <language>JAVA</language>
                  <body>custProf.verifyFreeAccountApp</body>
                </effect>
              </transition>
              <transition xmi:type="uml:Transition" xmi:id="_FoDQ0G1VEeq-ytI2pHwJIg" source="_tMh9IG1UEeq-ytI2pHwJIg" target="_wzHpUG1UEeq-ytI2pHwJIg">
                <trigger xmi:type="uml:Trigger" xmi:id="_rQOzEG1VEeq-ytI2pHwJIg" name="verifiedFreeAccountApp" event="_qxWesG1VEeq-ytI2pHwJIg"/>
              </transition>
              <transition xmi:type="uml:Transition" xmi:id="_7zMPEG1VEeq-ytI2pHwJIg" source="_wzHpUG1UEeq-ytI2pHwJIg" target="_3l2r8G1VEeq-ytI2pHwJIg"/>
              <transition xmi:type="uml:Transition" xmi:id="_8uR-UG1VEeq-ytI2pHwJIg" guard="_FKq70G1WEeq-ytI2pHwJIg" source="_rTtaUG1UEeq-ytI2pHwJIg" target="_3l2r8G1VEeq-ytI2pHwJIg">
                <ownedRule xmi:type="uml:Constraint" xmi:id="_FKq70G1WEeq-ytI2pHwJIg" name="applyForFreeAccount==false">
                  <specification xmi:type="uml:OpaqueExpression" xmi:id="_FKq70W1WEeq-ytI2pHwJIg" name="applyForFreeAccount==false">
                    <language>JAVA</language>
                    <body>applyForFreeAccount==false</body>
                  </specification>
                </ownedRule>
              </transition>
              <subvertex xmi:type="uml:Pseudostate" xmi:id="_NjKfgG1QEeq-ytI2pHwJIg" name="Start1-4"/>
              <subvertex xmi:type="uml:Pseudostate" xmi:id="_rTtaUG1UEeq-ytI2pHwJIg" name="Choice4" kind="choice"/>
              <subvertex xmi:type="uml:State" xmi:id="_tMh9IG1UEeq-ytI2pHwJIg" name="FreeAccountAppSent"/>
              <subvertex xmi:type="uml:State" xmi:id="_wzHpUG1UEeq-ytI2pHwJIg" name="FreeAccountAppVerified"/>
              <subvertex xmi:type="uml:FinalState" xmi:id="_3l2r8G1VEeq-ytI2pHwJIg" name="End1-4"/>
            </region>
          </subvertex>
          <subvertex xmi:type="uml:State" xmi:id="_nu-RsOtrEeqf2O5IBgh2Lg" name="LoggedOut"/>
          <subvertex xmi:type="uml:State" xmi:id="_rurogOtrEeqf2O5IBgh2Lg" name="LoggedAsCustomer"/>
          <subvertex xmi:type="uml:Pseudostate" xmi:id="_l-JF4OtuEeqf2O5IBgh2Lg" name="Choice1" kind="choice"/>
        </region>
      </ownedBehavior>
      <ownedReception xmi:type="uml:Reception" xmi:id="__r-5MGhUEemzivOVBVTQnA" name="verifiedCreditCardApp" signal="_IS32gGhVEemzivOVBVTQnA"/>
      <ownedReception xmi:type="uml:Reception" xmi:id="_Bf7jEGhVEemzivOVBVTQnA" name="verifiedFreeAccountApp" signal="_LFDqQGhVEemzivOVBVTQnA"/>
      <ownedReception xmi:type="uml:Reception" xmi:id="_add7kGn-EemWJdTkdx1Byw" name="verifiedPensionInsApp" signal="_fSqv8Gn-EemWJdTkdx1Byw"/>
      <ownedReception xmi:type="uml:Reception" xmi:id="_DmmiAG1LEeq-ytI2pHwJIg" name="verifiedLifeInsApp" signal="_J1K9EG1LEeq-ytI2pHwJIg"/>
      <ownedReception xmi:type="uml:Reception" xmi:id="_7bgGsOtrEeqf2O5IBgh2Lg" name="loggedAsCustomer" signal="_A8HPkOtsEeqf2O5IBgh2Lg"/>
    </packagedElement>
    <packagedElement xmi:type="uml:Association" xmi:id="_MrsQ4GhVEemzivOVBVTQnA" memberEnd="_Mr1a0GhVEemzivOVBVTQnA _Mr2B4GhVEemzivOVBVTQnA">
      <eAnnotations xmi:type="ecore:EAnnotation" xmi:id="_MrzloGhVEemzivOVBVTQnA" source="org.eclipse.papyrus">
        <details xmi:type="ecore:EStringToStringMapEntry" xmi:id="_Mr0MsGhVEemzivOVBVTQnA" key="nature" value="UML_Nature"/>
      </eAnnotations>
    </packagedElement>
    <packagedElement xmi:type="uml:Class" xmi:id="_KIdMAOeKEeqHrfjIInc3VQ" name="Role" classifierBehavior="_TSrYgOeNEeqHrfjIInc3VQ">
      <ownedAttribute xmi:type="uml:Property" xmi:id="_wmvvgOeNEeqHrfjIInc3VQ" name="userName" isStatic="true" type="_9DhCIGhUEemzivOVBVTQnA"/>
      <ownedAttribute xmi:type="uml:Property" xmi:id="_9jW6cOeOEeqHrfjIInc3VQ" name="password" isStatic="true" type="_9DhCIGhUEemzivOVBVTQnA"/>
      <ownedAttribute xmi:type="uml:Property" xmi:id="_ADIBIeeSEeqHrfjIInc3VQ" name="user" type="_co950OeKEeqHrfjIInc3VQ" association="_ADGL8OeSEeqHrfjIInc3VQ">
        <lowerValue xmi:type="uml:LiteralInteger" xmi:id="_0pkDcO0ZEeqnXP_wewKfYA"/>
        <upperValue xmi:type="uml:LiteralUnlimitedNatural" xmi:id="_0pnGwO0ZEeqnXP_wewKfYA" value="*"/>
      </ownedAttribute>
      <ownedAttribute xmi:type="uml:Property" xmi:id="_cfoWoOeVEeqHrfjIInc3VQ" name="validEntry" isStatic="true" type="_2v02gGhUEemzivOVBVTQnA"/>
      <ownedAttribute xmi:type="uml:Property" xmi:id="_xugLUOeZEeqHrfjIInc3VQ" name="tries" isStatic="true" type="_9DhCIGhUEemzivOVBVTQnA"/>
      <ownedAttribute xmi:type="uml:Property" xmi:id="_OyCk8Oj4EeqqrfOaDOvAxA" name="roleID" isStatic="true" type="_9DhCIGhUEemzivOVBVTQnA"/>
      <ownedBehavior xmi:type="uml:StateMachine" xmi:id="_TSrYgOeNEeqHrfjIInc3VQ" name="LoginStateMachine">
        <region xmi:type="uml:Region" xmi:id="_UwcXAOeNEeqHrfjIInc3VQ" name="Region1">
          <transition xmi:type="uml:Transition" xmi:id="_P1758OePEeqHrfjIInc3VQ" source="_rz0gIOeaEeqHrfjIInc3VQ" target="_jJmN4OeNEeqHrfjIInc3VQ">
            <effect xmi:type="uml:OpaqueBehavior" xmi:id="__--AQOeZEeqHrfjIInc3VQ" name="tries=0">
              <language>JAVA</language>
              <body>tries=0</body>
            </effect>
            <trigger xmi:type="uml:Trigger" xmi:id="_AEbMMOeTEeqHrfjIInc3VQ" name="login()" event="__pSIUOeSEeqHrfjIInc3VQ"/>
          </transition>
          <transition xmi:type="uml:Transition" xmi:id="_CwhJkOeUEeqHrfjIInc3VQ" source="_jJmN4OeNEeqHrfjIInc3VQ" target="_A7NNwOeUEeqHrfjIInc3VQ">
            <effect xmi:type="uml:OpaqueBehavior" xmi:id="_sOU5kOeUEeqHrfjIInc3VQ" name="tries=tries+1">
              <language>JAVA</language>
              <body>tries=tries+1</body>
            </effect>
          </transition>
          <transition xmi:type="uml:Transition" xmi:id="_D9SesOeUEeqHrfjIInc3VQ" guard="_XDHgEOeUEeqHrfjIInc3VQ" source="_A7NNwOeUEeqHrfjIInc3VQ" target="_mdwtUOeNEeqHrfjIInc3VQ">
            <ownedRule xmi:type="uml:Constraint" xmi:id="_XDHgEOeUEeqHrfjIInc3VQ" name="validEntry==true &amp;&amp; tries&lt;3">
              <specification xmi:type="uml:OpaqueExpression" xmi:id="_XDHgEeeUEeqHrfjIInc3VQ" name="validEntry==true &amp;&amp; tries&lt;3">
                <language>JAVA</language>
                <body>validEntry==true &amp;&amp; tries&lt;3</body>
              </specification>
            </ownedRule>
          </transition>
          <transition xmi:type="uml:Transition" xmi:id="_zZ0P4OeUEeqHrfjIInc3VQ" guard="_DAFaIOeVEeqHrfjIInc3VQ" source="_A7NNwOeUEeqHrfjIInc3VQ" target="_w2tZ8OeUEeqHrfjIInc3VQ">
            <ownedRule xmi:type="uml:Constraint" xmi:id="_DAFaIOeVEeqHrfjIInc3VQ" name="validEntry==false &amp;&amp; tries>2">
              <specification xmi:type="uml:OpaqueExpression" xmi:id="_DAFaIeeVEeqHrfjIInc3VQ" name="validEntry==false &amp;&amp; tries>2">
                <language>JAVA</language>
                <body>validEntry==false &amp;&amp; tries>2</body>
              </specification>
            </ownedRule>
            <effect xmi:type="uml:OpaqueBehavior" xmi:id="_KgCAsOeZEeqHrfjIInc3VQ" name="user.loginDenied">
              <language>JAVA</language>
              <body>user.loginDenied</body>
            </effect>
          </transition>
          <transition xmi:type="uml:Transition" xmi:id="_L1J9YOeVEeqHrfjIInc3VQ" guard="_tyESIOxTEeqS2fX8IJc7JA" source="_A7NNwOeUEeqHrfjIInc3VQ" target="_jJmN4OeNEeqHrfjIInc3VQ">
            <ownedRule xmi:type="uml:Constraint" xmi:id="_tyESIOxTEeqS2fX8IJc7JA" name="else">
              <specification xmi:type="uml:OpaqueExpression" xmi:id="_tyESIexTEeqS2fX8IJc7JA" name="else">
                <language>JAVA</language>
                <body>else</body>
              </specification>
            </ownedRule>
          </transition>
          <transition xmi:type="uml:Transition" xmi:id="_WGCXUOeVEeqHrfjIInc3VQ" source="_w2tZ8OeUEeqHrfjIInc3VQ" target="_TyKQMOeVEeqHrfjIInc3VQ"/>
          <transition xmi:type="uml:Transition" xmi:id="_vwtMcOeaEeqHrfjIInc3VQ" source="_YqZEEOeNEeqHrfjIInc3VQ" target="_rz0gIOeaEeqHrfjIInc3VQ"/>
          <transition xmi:type="uml:Transition" xmi:id="_F6L70OtbEeqf2O5IBgh2Lg" source="_mdwtUOeNEeqHrfjIInc3VQ" target="_6lFr0OtaEeqf2O5IBgh2Lg"/>
          <transition xmi:type="uml:Transition" xmi:id="_GpFCIOtbEeqf2O5IBgh2Lg" guard="_OhM08OtbEeqf2O5IBgh2Lg" source="_6lFr0OtaEeqf2O5IBgh2Lg" target="_wt1PoOtWEeqf2O5IBgh2Lg">
            <ownedRule xmi:type="uml:Constraint" xmi:id="_OhM08OtbEeqf2O5IBgh2Lg" name="user.asCustomer==true">
              <specification xmi:type="uml:OpaqueExpression" xmi:id="_OhM08etbEeqf2O5IBgh2Lg" name="user.asCustomer==true">
                <language>JAVA</language>
                <body>user.asCustomer==true</body>
              </specification>
            </ownedRule>
          </transition>
          <transition xmi:type="uml:Transition" xmi:id="_HWF5IOtbEeqf2O5IBgh2Lg" guard="_Ua2I4OtbEeqf2O5IBgh2Lg" source="_6lFr0OtaEeqf2O5IBgh2Lg" target="_zBJ9IOtWEeqf2O5IBgh2Lg">
            <ownedRule xmi:type="uml:Constraint" xmi:id="_Ua2I4OtbEeqf2O5IBgh2Lg" name="user.asClerk==true">
              <specification xmi:type="uml:OpaqueExpression" xmi:id="_Ua2I4etbEeqf2O5IBgh2Lg" name="user.asClerk==true">
                <language>JAVA</language>
                <body>user.asClerk==true</body>
              </specification>
            </ownedRule>
            <effect xmi:type="uml:OpaqueBehavior" xmi:id="_0NINwOtmEeqf2O5IBgh2Lg" name="clerk.loggedAsClerk">
              <language>JAVA</language>
              <body>clerk.loggedAsClerk</body>
            </effect>
          </transition>
          <transition xmi:type="uml:Transition" xmi:id="_H7NYYOtbEeqf2O5IBgh2Lg" guard="_bQhAMOtbEeqf2O5IBgh2Lg" source="_6lFr0OtaEeqf2O5IBgh2Lg" target="__6rQcOtaEeqf2O5IBgh2Lg">
            <ownedRule xmi:type="uml:Constraint" xmi:id="_bQhAMOtbEeqf2O5IBgh2Lg" name="user.asManager==true">
              <specification xmi:type="uml:OpaqueExpression" xmi:id="_bQhAMetbEeqf2O5IBgh2Lg" name="user.asManager==true">
                <language>JAVA</language>
                <body>user.asManager==true</body>
              </specification>
            </ownedRule>
            <effect xmi:type="uml:OpaqueBehavior" xmi:id="_9P_kIOtgEeqf2O5IBgh2Lg" name="branchmanager.loggedAsManager">
              <language>JAVA</language>
              <body>branchmanager.loggedAsManager</body>
            </effect>
          </transition>
          <transition xmi:type="uml:Transition" xmi:id="_0MnRYOtbEeqf2O5IBgh2Lg" source="_wt1PoOtWEeqf2O5IBgh2Lg" target="_TyKQMOeVEeqHrfjIInc3VQ"/>
          <transition xmi:type="uml:Transition" xmi:id="_03YFoOtbEeqf2O5IBgh2Lg" source="_zBJ9IOtWEeqf2O5IBgh2Lg" target="_TyKQMOeVEeqHrfjIInc3VQ"/>
          <transition xmi:type="uml:Transition" xmi:id="_1hR-QOtbEeqf2O5IBgh2Lg" source="__6rQcOtaEeqf2O5IBgh2Lg" target="_TyKQMOeVEeqHrfjIInc3VQ"/>
          <subvertex xmi:type="uml:Pseudostate" xmi:id="_YqZEEOeNEeqHrfjIInc3VQ" name="Initial1"/>
          <subvertex xmi:type="uml:State" xmi:id="_jJmN4OeNEeqHrfjIInc3VQ" name="Logging"/>
          <subvertex xmi:type="uml:State" xmi:id="_mdwtUOeNEeqHrfjIInc3VQ" name="LoggedSuccessfully"/>
          <subvertex xmi:type="uml:Pseudostate" xmi:id="_A7NNwOeUEeqHrfjIInc3VQ" name="Choice1" kind="choice"/>
          <subvertex xmi:type="uml:State" xmi:id="_w2tZ8OeUEeqHrfjIInc3VQ" name="LoginDenied"/>
          <subvertex xmi:type="uml:FinalState" xmi:id="_TyKQMOeVEeqHrfjIInc3VQ" name="FinalState1"/>
          <subvertex xmi:type="uml:State" xmi:id="_rz0gIOeaEeqHrfjIInc3VQ" name="Idle"/>
          <subvertex xmi:type="uml:State" xmi:id="_wt1PoOtWEeqf2O5IBgh2Lg" name="LoggedAsCustomer"/>
          <subvertex xmi:type="uml:State" xmi:id="_zBJ9IOtWEeqf2O5IBgh2Lg" name="LoggedAsClerk"/>
          <subvertex xmi:type="uml:Pseudostate" xmi:id="_6lFr0OtaEeqf2O5IBgh2Lg" name="Choice2" kind="choice"/>
          <subvertex xmi:type="uml:State" xmi:id="__6rQcOtaEeqf2O5IBgh2Lg" name="LoggedAsManager"/>
        </region>
      </ownedBehavior>
      <ownedOperation xmi:type="uml:Operation" xmi:id="_mrp4AOeQEeqHrfjIInc3VQ" name="login"/>
    </packagedElement>
    <packagedElement xmi:type="uml:Class" xmi:id="_co950OeKEeqHrfjIInc3VQ" name="User" isAbstract="true" classifierBehavior="_n8B3kOeMEeqHrfjIInc3VQ">
      <ownedAttribute xmi:type="uml:Property" xmi:id="_9ZvO8OePEeqHrfjIInc3VQ" name="performLoginAction" isStatic="true" type="_2v02gGhUEemzivOVBVTQnA"/>
      <ownedAttribute xmi:type="uml:Property" xmi:id="_ADIBIOeSEeqHrfjIInc3VQ" name="role" type="_KIdMAOeKEeqHrfjIInc3VQ" association="_ADGL8OeSEeqHrfjIInc3VQ">
        <lowerValue xmi:type="uml:LiteralInteger" xmi:id="_IGCHoOeSEeqHrfjIInc3VQ"/>
        <upperValue xmi:type="uml:LiteralUnlimitedNatural" xmi:id="_IGFyAOeSEeqHrfjIInc3VQ" value="*"/>
      </ownedAttribute>
      <ownedAttribute xmi:type="uml:Property" xmi:id="_5QfVwOj8EeqqrfOaDOvAxA" name="asManager" isStatic="true" type="_2v02gGhUEemzivOVBVTQnA"/>
      <ownedAttribute xmi:type="uml:Property" xmi:id="_-ljV8Oj8EeqqrfOaDOvAxA" name="asCustomer" isStatic="true" type="_2v02gGhUEemzivOVBVTQnA"/>
      <ownedAttribute xmi:type="uml:Property" xmi:id="_AbQTUOj9EeqqrfOaDOvAxA" name="asClerk" isStatic="true" type="_2v02gGhUEemzivOVBVTQnA"/>
      <ownedBehavior xmi:type="uml:StateMachine" xmi:id="_n8B3kOeMEeqHrfjIInc3VQ" name="UserActions">
        <region xmi:type="uml:Region" xmi:id="_oyj28OeMEeqHrfjIInc3VQ" name="Region1">
          <transition xmi:type="uml:Transition" xmi:id="_a2M3gOeREeqHrfjIInc3VQ" guard="_zIYB8OeREeqHrfjIInc3VQ" source="_Rv-S0OeREeqHrfjIInc3VQ" target="_TFWxYOeREeqHrfjIInc3VQ">
            <ownedRule xmi:type="uml:Constraint" xmi:id="_zIYB8OeREeqHrfjIInc3VQ" name="performLoginAction==true">
              <specification xmi:type="uml:OpaqueExpression" xmi:id="_zIYB8eeREeqHrfjIInc3VQ" name="performLoginAction==true">
                <language>JAVA</language>
                <body>performLoginAction==true</body>
              </specification>
            </ownedRule>
            <effect xmi:type="uml:OpaqueBehavior" xmi:id="_QEw4wOeSEeqHrfjIInc3VQ" name="role.login()">
              <language>JAVA</language>
              <body>role.login()</body>
            </effect>
          </transition>
          <transition xmi:type="uml:Transition" xmi:id="_7l0LgOeVEeqHrfjIInc3VQ" source="_y8x5IOeVEeqHrfjIInc3VQ" target="_6tI3EOeVEeqHrfjIInc3VQ"/>
          <transition xmi:type="uml:Transition" xmi:id="_8KC58OeVEeqHrfjIInc3VQ" source="_1tRDwOeVEeqHrfjIInc3VQ" target="_6tI3EOeVEeqHrfjIInc3VQ"/>
          <transition xmi:type="uml:Transition" xmi:id="_9A_wEOeVEeqHrfjIInc3VQ" source="_TFWxYOeREeqHrfjIInc3VQ" target="_y8x5IOeVEeqHrfjIInc3VQ">
            <trigger xmi:type="uml:Trigger" xmi:id="_416vYOeYEeqHrfjIInc3VQ" name="loggedSuccessfully" event="_3ZktMOeYEeqHrfjIInc3VQ"/>
          </transition>
          <transition xmi:type="uml:Transition" xmi:id="_CKxGQOeWEeqHrfjIInc3VQ" source="_TFWxYOeREeqHrfjIInc3VQ" target="_1tRDwOeVEeqHrfjIInc3VQ">
            <trigger xmi:type="uml:Trigger" xmi:id="_AHXjwOeZEeqHrfjIInc3VQ" name="logingDenied" event="__vyKMOeYEeqHrfjIInc3VQ"/>
          </transition>
          <subvertex xmi:type="uml:Pseudostate" xmi:id="_Rv-S0OeREeqHrfjIInc3VQ" name="Initial1"/>
          <subvertex xmi:type="uml:State" xmi:id="_TFWxYOeREeqHrfjIInc3VQ" name="VerificationQuerySent"/>
          <subvertex xmi:type="uml:State" xmi:id="_y8x5IOeVEeqHrfjIInc3VQ" name="LoggedSuccessfully"/>
          <subvertex xmi:type="uml:State" xmi:id="_1tRDwOeVEeqHrfjIInc3VQ" name="LoginDenied"/>
          <subvertex xmi:type="uml:FinalState" xmi:id="_6tI3EOeVEeqHrfjIInc3VQ" name="FinalState1"/>
        </region>
      </ownedBehavior>
      <ownedReception xmi:type="uml:Reception" xmi:id="_EEO3YOeYEeqHrfjIInc3VQ" name="loggedSuccessfully" signal="_VWxWMOeYEeqHrfjIInc3VQ"/>
      <ownedReception xmi:type="uml:Reception" xmi:id="_Y6n3cOeYEeqHrfjIInc3VQ" name="loginDenied" signal="_fXM5UOeYEeqHrfjIInc3VQ"/>
    </packagedElement>
    <packagedElement xmi:type="uml:Association" xmi:id="_ADGL8OeSEeqHrfjIInc3VQ" memberEnd="_ADIBIOeSEeqHrfjIInc3VQ _ADIBIeeSEeqHrfjIInc3VQ">
      <eAnnotations xmi:type="ecore:EAnnotation" xmi:id="_ADGzAOeSEeqHrfjIInc3VQ" source="org.eclipse.papyrus">
        <details xmi:type="ecore:EStringToStringMapEntry" xmi:id="_ADHaEOeSEeqHrfjIInc3VQ" key="nature" value="UML_Nature"/>
      </eAnnotations>
    </packagedElement>
    <packagedElement xmi:type="uml:Class" xmi:id="_U7VagOhgEeqyOekjLEXNnQ" name="Clerk" classifierBehavior="_9r5QsOhlEeqyOekjLEXNnQ">
      <generalization xmi:type="uml:Generalization" xmi:id="_X2cEQOhhEeqyOekjLEXNnQ" general="_KIdMAOeKEeqHrfjIInc3VQ"/>
      <ownedAttribute xmi:type="uml:Property" xmi:id="_cM9OAOhgEeqyOekjLEXNnQ" name="clerkID" isStatic="true" type="_9DhCIGhUEemzivOVBVTQnA"/>
      <ownedAttribute xmi:type="uml:Property" xmi:id="_gTN4wOhgEeqyOekjLEXNnQ" name="mobileNum" isStatic="true" type="_9DhCIGhUEemzivOVBVTQnA"/>
      <ownedAttribute xmi:type="uml:Property" xmi:id="_o7QsoOhgEeqyOekjLEXNnQ" name="birthDate" isStatic="true" type="_9DhCIGhUEemzivOVBVTQnA"/>
      <ownedAttribute xmi:type="uml:Property" xmi:id="_ixHpIOhhEeqyOekjLEXNnQ" name="editAction" isStatic="true" type="_2v02gGhUEemzivOVBVTQnA"/>
      <ownedAttribute xmi:type="uml:Property" xmi:id="_zUG6UOhhEeqyOekjLEXNnQ" name="registerCustomer" isStatic="true" type="_2v02gGhUEemzivOVBVTQnA"/>
      <ownedAttribute xmi:type="uml:Property" xmi:id="_3s7UsOhhEeqyOekjLEXNnQ" name="addCustomerProfile" isStatic="true" type="_2v02gGhUEemzivOVBVTQnA"/>
      <ownedAttribute xmi:type="uml:Property" xmi:id="_4nsFEOhnEeqyOekjLEXNnQ" name="loggedOut" isStatic="true" type="_2v02gGhUEemzivOVBVTQnA"/>
      <ownedAttribute xmi:type="uml:Property" xmi:id="_jtjc8etmEeqf2O5IBgh2Lg" name="role" type="_KIdMAOeKEeqHrfjIInc3VQ" association="_jti14OtmEeqf2O5IBgh2Lg">
        <lowerValue xmi:type="uml:LiteralInteger" xmi:id="_lrlP4OtmEeqf2O5IBgh2Lg" value="1"/>
        <upperValue xmi:type="uml:LiteralUnlimitedNatural" xmi:id="_lrnsIOtmEeqf2O5IBgh2Lg" value="*"/>
      </ownedAttribute>
      <ownedBehavior xmi:type="uml:StateMachine" xmi:id="_9r5QsOhlEeqyOekjLEXNnQ" name="ClerkActions">
        <region xmi:type="uml:Region" xmi:id="_FgXSkOhmEeqyOekjLEXNnQ" name="Region1">
          <transition xmi:type="uml:Transition" xmi:id="_pbIQwOhmEeqyOekjLEXNnQ" source="_H7t6sOhmEeqyOekjLEXNnQ" target="_J84rwOhnEeqyOekjLEXNnQ"/>
          <transition xmi:type="uml:Transition" xmi:id="_qFHB4OhmEeqyOekjLEXNnQ" guard="_prXPsOhnEeqyOekjLEXNnQ" source="_KnfkcOhmEeqyOekjLEXNnQ" target="_MnGEsOhmEeqyOekjLEXNnQ">
            <ownedRule xmi:type="uml:Constraint" xmi:id="_prXPsOhnEeqyOekjLEXNnQ" name="editAction==true">
              <specification xmi:type="uml:OpaqueExpression" xmi:id="_prX2wOhnEeqyOekjLEXNnQ" name="editAction==true">
                <language>JAVA</language>
                <body>editAction==true</body>
              </specification>
            </ownedRule>
          </transition>
          <transition xmi:type="uml:Transition" xmi:id="_q0bmAOhmEeqyOekjLEXNnQ" guard="_xFs6UOhnEeqyOekjLEXNnQ" source="_KnfkcOhmEeqyOekjLEXNnQ" target="_iYy2cOhmEeqyOekjLEXNnQ">
            <ownedRule xmi:type="uml:Constraint" xmi:id="_xFs6UOhnEeqyOekjLEXNnQ" name="registerCustomer==true">
              <specification xmi:type="uml:OpaqueExpression" xmi:id="_xFs6UehnEeqyOekjLEXNnQ" name="registerCustomer==true">
                <language>JAVA</language>
                <body>registerCustomer==true</body>
              </specification>
            </ownedRule>
          </transition>
          <transition xmi:type="uml:Transition" xmi:id="_rbHLgOhmEeqyOekjLEXNnQ" guard="_2zotgOhnEeqyOekjLEXNnQ" source="_KnfkcOhmEeqyOekjLEXNnQ" target="_VGWI8OhmEeqyOekjLEXNnQ">
            <ownedRule xmi:type="uml:Constraint" xmi:id="_2zotgOhnEeqyOekjLEXNnQ" name="addCustomerProfile==true">
              <specification xmi:type="uml:OpaqueExpression" xmi:id="_2zotgehnEeqyOekjLEXNnQ" name="addCustomerProfile==true">
                <language>JAVA</language>
                <body>addCustomerProfile==true</body>
              </specification>
            </ownedRule>
          </transition>
          <transition xmi:type="uml:Transition" xmi:id="_r-uO4OhmEeqyOekjLEXNnQ" source="_MnGEsOhmEeqyOekjLEXNnQ" target="_S616sOhmEeqyOekjLEXNnQ"/>
          <transition xmi:type="uml:Transition" xmi:id="_sri4oOhmEeqyOekjLEXNnQ" source="_iYy2cOhmEeqyOekjLEXNnQ" target="_kCCFIOhmEeqyOekjLEXNnQ"/>
          <transition xmi:type="uml:Transition" xmi:id="_tToMUOhmEeqyOekjLEXNnQ" source="_VGWI8OhmEeqyOekjLEXNnQ" target="_bCuAwOhmEeqyOekjLEXNnQ"/>
          <transition xmi:type="uml:Transition" xmi:id="_7MlgMOhmEeqyOekjLEXNnQ" source="_2fuvgOhmEeqyOekjLEXNnQ" target="_KnfkcOhmEeqyOekjLEXNnQ"/>
          <transition xmi:type="uml:Transition" xmi:id="_EYDxQOhnEeqyOekjLEXNnQ" source="_S616sOhmEeqyOekjLEXNnQ" target="_8-HIMOhmEeqyOekjLEXNnQ"/>
          <transition xmi:type="uml:Transition" xmi:id="_FE_vwOhnEeqyOekjLEXNnQ" source="_kCCFIOhmEeqyOekjLEXNnQ" target="_8-HIMOhmEeqyOekjLEXNnQ"/>
          <transition xmi:type="uml:Transition" xmi:id="_FqkiAOhnEeqyOekjLEXNnQ" source="_bCuAwOhmEeqyOekjLEXNnQ" target="_8-HIMOhmEeqyOekjLEXNnQ"/>
          <transition xmi:type="uml:Transition" xmi:id="_NrCYgOhnEeqyOekjLEXNnQ" source="_8-HIMOhmEeqyOekjLEXNnQ" target="_2fuvgOhmEeqyOekjLEXNnQ"/>
          <transition xmi:type="uml:Transition" xmi:id="_UvTsgOhnEeqyOekjLEXNnQ" guard="_Aa90IOhoEeqyOekjLEXNnQ" source="_KnfkcOhmEeqyOekjLEXNnQ" target="_J84rwOhnEeqyOekjLEXNnQ">
            <ownedRule xmi:type="uml:Constraint" xmi:id="_Aa90IOhoEeqyOekjLEXNnQ" name="loggedOut==true">
              <specification xmi:type="uml:OpaqueExpression" xmi:id="_Aa90IehoEeqyOekjLEXNnQ" name="loggedOut==true">
                <language>JAVA</language>
                <body>loggedOut==true</body>
              </specification>
            </ownedRule>
            <effect xmi:type="uml:OpaqueBehavior" xmi:id="_FxAucO6MEeqAi7PxicS0Lg" name="clerkLoggedOut">
              <language>JAVA</language>
              <body>clerkLoggedOut</body>
            </effect>
          </transition>
          <transition xmi:type="uml:Transition" xmi:id="_hMdJsOhnEeqyOekjLEXNnQ" source="_J84rwOhnEeqyOekjLEXNnQ" target="_XYmC8OhnEeqyOekjLEXNnQ">
            <trigger xmi:type="uml:Trigger" xmi:id="_KMkTwO6MEeqAi7PxicS0Lg" name="clerkLoggedOut" event="_J0mfsO6MEeqAi7PxicS0Lg"/>
          </transition>
          <transition xmi:type="uml:Transition" xmi:id="_L4z7AOhpEeqyOekjLEXNnQ" guard="_RHCTYOhpEeqyOekjLEXNnQ" source="_KnfkcOhmEeqyOekjLEXNnQ" target="_2fuvgOhmEeqyOekjLEXNnQ">
            <ownedRule xmi:type="uml:Constraint" xmi:id="_RHCTYOhpEeqyOekjLEXNnQ" name="else">
              <specification xmi:type="uml:OpaqueExpression" xmi:id="_RHCTYehpEeqyOekjLEXNnQ" name="else">
                <language>JAVA</language>
                <body>else</body>
              </specification>
            </ownedRule>
          </transition>
          <transition xmi:type="uml:Transition" xmi:id="_H5snYOtZEeqf2O5IBgh2Lg" source="_J84rwOhnEeqyOekjLEXNnQ" target="_2fuvgOhmEeqyOekjLEXNnQ">
            <trigger xmi:type="uml:Trigger" xmi:id="_RLZcQOtZEeqf2O5IBgh2Lg" name="loggedAsClerk" event="_9o92EOtmEeqf2O5IBgh2Lg"/>
          </transition>
          <subvertex xmi:type="uml:Pseudostate" xmi:id="_H7t6sOhmEeqyOekjLEXNnQ" name="Initial1"/>
          <subvertex xmi:type="uml:Pseudostate" xmi:id="_KnfkcOhmEeqyOekjLEXNnQ" name="Choice1" kind="choice"/>
          <subvertex xmi:type="uml:State" xmi:id="_MnGEsOhmEeqyOekjLEXNnQ" name="UpdatingCustProfile"/>
          <subvertex xmi:type="uml:State" xmi:id="_S616sOhmEeqyOekjLEXNnQ" name="ProfileUpdated"/>
          <subvertex xmi:type="uml:State" xmi:id="_VGWI8OhmEeqyOekjLEXNnQ" name="AddingNewCustProfile"/>
          <subvertex xmi:type="uml:State" xmi:id="_bCuAwOhmEeqyOekjLEXNnQ" name="ProfileAdded"/>
          <subvertex xmi:type="uml:State" xmi:id="_iYy2cOhmEeqyOekjLEXNnQ" name="RegisteringNewCustomer"/>
          <subvertex xmi:type="uml:State" xmi:id="_kCCFIOhmEeqyOekjLEXNnQ" name="CustomerRegistered"/>
          <subvertex xmi:type="uml:State" xmi:id="_2fuvgOhmEeqyOekjLEXNnQ" name="Logged"/>
          <subvertex xmi:type="uml:State" xmi:id="_8-HIMOhmEeqyOekjLEXNnQ" name="ActionDone"/>
          <subvertex xmi:type="uml:State" xmi:id="_J84rwOhnEeqyOekjLEXNnQ" name="LoggedOut"/>
          <subvertex xmi:type="uml:FinalState" xmi:id="_XYmC8OhnEeqyOekjLEXNnQ" name="FinalState1"/>
        </region>
      </ownedBehavior>
      <ownedReception xmi:type="uml:Reception" xmi:id="_em8IcOtmEeqf2O5IBgh2Lg" name="loggedAsClerk" signal="_vvDf8OtmEeqf2O5IBgh2Lg"/>
      <ownedReception xmi:type="uml:Reception" xmi:id="_8VAuEO6LEeqAi7PxicS0Lg" name="clerlLoggedOut" signal="_B8qTEO6MEeqAi7PxicS0Lg"/>
    </packagedElement>
    <packagedElement xmi:type="uml:Class" xmi:id="_j5EpEOj4EeqqrfOaDOvAxA" name="BranchManager" classifierBehavior="_DdkKkOj5EeqqrfOaDOvAxA">
      <generalization xmi:type="uml:Generalization" xmi:id="_myuWwOj4EeqqrfOaDOvAxA" general="_KIdMAOeKEeqHrfjIInc3VQ"/>
      <ownedAttribute xmi:type="uml:Property" xmi:id="_pvxWsOj4EeqqrfOaDOvAxA" name="managerID" isStatic="true" type="_9DhCIGhUEemzivOVBVTQnA"/>
      <ownedAttribute xmi:type="uml:Property" xmi:id="_sPMmgOj4EeqqrfOaDOvAxA" name="mobileNum" isStatic="true" type="_9DhCIGhUEemzivOVBVTQnA"/>
      <ownedAttribute xmi:type="uml:Property" xmi:id="_t656YOj4EeqqrfOaDOvAxA" name="age" isStatic="true" type="_9DhCIGhUEemzivOVBVTQnA"/>
      <ownedAttribute xmi:type="uml:Property" xmi:id="_VT_dwOtjEeqf2O5IBgh2Lg" name="role" type="_KIdMAOeKEeqHrfjIInc3VQ" association="_VT-2sOtjEeqf2O5IBgh2Lg">
        <lowerValue xmi:type="uml:LiteralInteger" xmi:id="_jcj68OtjEeqf2O5IBgh2Lg" value="1"/>
        <upperValue xmi:type="uml:LiteralUnlimitedNatural" xmi:id="_jcozcOtjEeqf2O5IBgh2Lg" value="*"/>
      </ownedAttribute>
      <ownedAttribute xmi:type="uml:Property" xmi:id="_ey2WIOtpEeqf2O5IBgh2Lg" name="updatingCustProfile" isStatic="true" type="_2v02gGhUEemzivOVBVTQnA"/>
      <ownedAttribute xmi:type="uml:Property" xmi:id="_iaLCIOtpEeqf2O5IBgh2Lg" name="updatingClerkProfile" isStatic="true" type="_2v02gGhUEemzivOVBVTQnA"/>
      <ownedAttribute xmi:type="uml:Property" xmi:id="_lac8QOtpEeqf2O5IBgh2Lg" name="managingLoans" isStatic="true" type="_2v02gGhUEemzivOVBVTQnA"/>
      <ownedAttribute xmi:type="uml:Property" xmi:id="_oYDV0OtpEeqf2O5IBgh2Lg" name="addingNewRole" isStatic="true" type="_2v02gGhUEemzivOVBVTQnA"/>
      <ownedAttribute xmi:type="uml:Property" xmi:id="_r4rj8OtpEeqf2O5IBgh2Lg" name="assigningRole" isStatic="true" type="_2v02gGhUEemzivOVBVTQnA"/>
      <ownedAttribute xmi:type="uml:Property" xmi:id="_8VoekOtpEeqf2O5IBgh2Lg" name="loggedOut" isStatic="true" type="_2v02gGhUEemzivOVBVTQnA"/>
      <ownedBehavior xmi:type="uml:StateMachine" xmi:id="_DdkKkOj5EeqqrfOaDOvAxA" name="ManagerActions">
        <region xmi:type="uml:Region" xmi:id="_E_Hc4Oj5EeqqrfOaDOvAxA" name="Region1">
          <transition xmi:type="uml:Transition" xmi:id="_I-2zcOj6EeqqrfOaDOvAxA" source="_GgX0QOj5EeqqrfOaDOvAxA" target="_HzgQEOj5EeqqrfOaDOvAxA"/>
          <transition xmi:type="uml:Transition" xmi:id="_KofqwOj6EeqqrfOaDOvAxA" source="_HzgQEOj5EeqqrfOaDOvAxA" target="_GZ900Oj6EeqqrfOaDOvAxA">
            <ownedRule xmi:type="uml:Constraint" xmi:id="_aKjZgOtiEeqf2O5IBgh2Lg" name="role.loggedAsManager==true">
              <specification xmi:type="uml:OpaqueExpression" xmi:id="_aKjZgetiEeqf2O5IBgh2Lg" name="loggedAsManager==true">
                <language>JAVA</language>
                <body>role.loggedAsManager==true</body>
              </specification>
            </ownedRule>
            <trigger xmi:type="uml:Trigger" xmi:id="_0LR7AOtjEeqf2O5IBgh2Lg" name="loggedAsManager" event="_zqN1UOtjEeqf2O5IBgh2Lg"/>
          </transition>
          <transition xmi:type="uml:Transition" xmi:id="_PsdQsOtnEeqf2O5IBgh2Lg" source="_GZ900Oj6EeqqrfOaDOvAxA" target="_ORpfkOtnEeqf2O5IBgh2Lg"/>
          <transition xmi:type="uml:Transition" xmi:id="_yJr54OtnEeqf2O5IBgh2Lg" source="_VAWMMOtnEeqf2O5IBgh2Lg" target="_iop08OtnEeqf2O5IBgh2Lg"/>
          <transition xmi:type="uml:Transition" xmi:id="_ykIaMOtnEeqf2O5IBgh2Lg" source="_WxTMcOtnEeqf2O5IBgh2Lg" target="_k4Fg8OtnEeqf2O5IBgh2Lg"/>
          <transition xmi:type="uml:Transition" xmi:id="_zDcMYOtnEeqf2O5IBgh2Lg" source="_Yi-lcOtnEeqf2O5IBgh2Lg" target="_mkta0OtnEeqf2O5IBgh2Lg"/>
          <transition xmi:type="uml:Transition" xmi:id="_zephsOtnEeqf2O5IBgh2Lg" source="_chUqUOtnEeqf2O5IBgh2Lg" target="_oXaukOtnEeqf2O5IBgh2Lg"/>
          <transition xmi:type="uml:Transition" xmi:id="_z7wUcOtnEeqf2O5IBgh2Lg" source="_e0BswOtnEeqf2O5IBgh2Lg" target="_qCg-cOtnEeqf2O5IBgh2Lg"/>
          <transition xmi:type="uml:Transition" xmi:id="_5c5BwOtnEeqf2O5IBgh2Lg" guard="_I-j_4OtoEeqf2O5IBgh2Lg" source="_ORpfkOtnEeqf2O5IBgh2Lg" target="_VAWMMOtnEeqf2O5IBgh2Lg">
            <ownedRule xmi:type="uml:Constraint" xmi:id="_I-j_4OtoEeqf2O5IBgh2Lg" name="updatingCustProfile==true">
              <specification xmi:type="uml:OpaqueExpression" xmi:id="_I-j_4etoEeqf2O5IBgh2Lg" name="updatingCustProfile==true">
                <language>JAVA</language>
                <body>updatingCustProfile==true</body>
              </specification>
            </ownedRule>
          </transition>
          <transition xmi:type="uml:Transition" xmi:id="_58XzEOtnEeqf2O5IBgh2Lg" guard="_S2dSEOtoEeqf2O5IBgh2Lg" source="_ORpfkOtnEeqf2O5IBgh2Lg" target="_WxTMcOtnEeqf2O5IBgh2Lg">
            <ownedRule xmi:type="uml:Constraint" xmi:id="_S2dSEOtoEeqf2O5IBgh2Lg" name="updatingClerkProfile==true">
              <specification xmi:type="uml:OpaqueExpression" xmi:id="_S2dSEetoEeqf2O5IBgh2Lg" name="updatingClerkProfile==true">
                <language>JAVA</language>
                <body>updatingClerkProfile==true</body>
              </specification>
            </ownedRule>
          </transition>
          <transition xmi:type="uml:Transition" xmi:id="_6bc7wOtnEeqf2O5IBgh2Lg" guard="_Yj-1kOtoEeqf2O5IBgh2Lg" source="_ORpfkOtnEeqf2O5IBgh2Lg" target="_Yi-lcOtnEeqf2O5IBgh2Lg">
            <ownedRule xmi:type="uml:Constraint" xmi:id="_Yj-1kOtoEeqf2O5IBgh2Lg" name="managingLoans==true">
              <specification xmi:type="uml:OpaqueExpression" xmi:id="_Yj-1ketoEeqf2O5IBgh2Lg" name="managingLoans==true">
                <language>JAVA</language>
                <body>managingLoans==true</body>
              </specification>
            </ownedRule>
          </transition>
          <transition xmi:type="uml:Transition" xmi:id="_66Q-sOtnEeqf2O5IBgh2Lg" guard="_d8M3cOtoEeqf2O5IBgh2Lg" source="_ORpfkOtnEeqf2O5IBgh2Lg" target="_chUqUOtnEeqf2O5IBgh2Lg">
            <ownedRule xmi:type="uml:Constraint" xmi:id="_d8M3cOtoEeqf2O5IBgh2Lg" name="addingNewRole==true">
              <specification xmi:type="uml:OpaqueExpression" xmi:id="_d8M3cetoEeqf2O5IBgh2Lg" name="addingNewRole==true">
                <language>JAVA</language>
                <body>addingNewRole==true</body>
              </specification>
            </ownedRule>
          </transition>
          <transition xmi:type="uml:Transition" xmi:id="_7fWowOtnEeqf2O5IBgh2Lg" guard="_ioN6oOtoEeqf2O5IBgh2Lg" source="_ORpfkOtnEeqf2O5IBgh2Lg" target="_e0BswOtnEeqf2O5IBgh2Lg">
            <ownedRule xmi:type="uml:Constraint" xmi:id="_ioN6oOtoEeqf2O5IBgh2Lg" name="assigningRole==true">
              <specification xmi:type="uml:OpaqueExpression" xmi:id="_ioN6oetoEeqf2O5IBgh2Lg" name="assigningRole==true">
                <language>JAVA</language>
                <body>assigningRole==true</body>
              </specification>
            </ownedRule>
          </transition>
          <transition xmi:type="uml:Transition" xmi:id="_kA5k0OtoEeqf2O5IBgh2Lg" guard="_qsONUOtoEeqf2O5IBgh2Lg" source="_ORpfkOtnEeqf2O5IBgh2Lg" target="_HzgQEOj5EeqqrfOaDOvAxA">
            <ownedRule xmi:type="uml:Constraint" xmi:id="_qsONUOtoEeqf2O5IBgh2Lg" name="loggedOut==true">
              <specification xmi:type="uml:OpaqueExpression" xmi:id="_qsONUetoEeqf2O5IBgh2Lg" name="loggedOut==true">
                <language>JAVA</language>
                <body>loggedOut==true</body>
              </specification>
            </ownedRule>
            <effect xmi:type="uml:OpaqueBehavior" xmi:id="_WX3zAO6MEeqAi7PxicS0Lg" name="managerLoggedOut">
              <language>JAVA</language>
              <body>managerLoggedOut</body>
            </effect>
          </transition>
          <transition xmi:type="uml:Transition" xmi:id="_r44NsOtoEeqf2O5IBgh2Lg" guard="_67wXAOtoEeqf2O5IBgh2Lg" source="_ORpfkOtnEeqf2O5IBgh2Lg" target="_GZ900Oj6EeqqrfOaDOvAxA">
            <ownedRule xmi:type="uml:Constraint" xmi:id="_67wXAOtoEeqf2O5IBgh2Lg" name="else">
              <specification xmi:type="uml:OpaqueExpression" xmi:id="_67wXAetoEeqf2O5IBgh2Lg" name="else">
                <language>JAVA</language>
                <body>else</body>
              </specification>
            </ownedRule>
          </transition>
          <transition xmi:type="uml:Transition" xmi:id="_PuGkkOtpEeqf2O5IBgh2Lg" source="_HzgQEOj5EeqqrfOaDOvAxA" target="_GB6hMOj6EeqqrfOaDOvAxA">
            <trigger xmi:type="uml:Trigger" xmi:id="_aw1XUO6MEeqAi7PxicS0Lg" name="managerLoggedOut" event="_afH8QO6MEeqAi7PxicS0Lg"/>
          </transition>
          <transition xmi:type="uml:Transition" xmi:id="_ULIwkOtpEeqf2O5IBgh2Lg" source="_iop08OtnEeqf2O5IBgh2Lg" target="_SMItQOtpEeqf2O5IBgh2Lg"/>
          <transition xmi:type="uml:Transition" xmi:id="_UnRS8OtpEeqf2O5IBgh2Lg" source="_k4Fg8OtnEeqf2O5IBgh2Lg" target="_SMItQOtpEeqf2O5IBgh2Lg"/>
          <transition xmi:type="uml:Transition" xmi:id="_VCSbAOtpEeqf2O5IBgh2Lg" source="_mkta0OtnEeqf2O5IBgh2Lg" target="_SMItQOtpEeqf2O5IBgh2Lg"/>
          <transition xmi:type="uml:Transition" xmi:id="_VaWVsOtpEeqf2O5IBgh2Lg" source="_oXaukOtnEeqf2O5IBgh2Lg" target="_SMItQOtpEeqf2O5IBgh2Lg"/>
          <transition xmi:type="uml:Transition" xmi:id="_VyoS0OtpEeqf2O5IBgh2Lg" source="_qCg-cOtnEeqf2O5IBgh2Lg" target="_SMItQOtpEeqf2O5IBgh2Lg"/>
          <transition xmi:type="uml:Transition" xmi:id="_Whs_UOtpEeqf2O5IBgh2Lg" source="_SMItQOtpEeqf2O5IBgh2Lg" target="_GZ900Oj6EeqqrfOaDOvAxA"/>
          <subvertex xmi:type="uml:Pseudostate" xmi:id="_GgX0QOj5EeqqrfOaDOvAxA" name="Initial1"/>
          <subvertex xmi:type="uml:State" xmi:id="_HzgQEOj5EeqqrfOaDOvAxA" name="LoggedOut"/>
          <subvertex xmi:type="uml:FinalState" xmi:id="_GB6hMOj6EeqqrfOaDOvAxA" name="FinalState1"/>
          <subvertex xmi:type="uml:State" xmi:id="_GZ900Oj6EeqqrfOaDOvAxA" name="Logged"/>
          <subvertex xmi:type="uml:Pseudostate" xmi:id="_ORpfkOtnEeqf2O5IBgh2Lg" name="Choice1" kind="choice"/>
          <subvertex xmi:type="uml:State" xmi:id="_VAWMMOtnEeqf2O5IBgh2Lg" name="UpdatingCustProfile"/>
          <subvertex xmi:type="uml:State" xmi:id="_WxTMcOtnEeqf2O5IBgh2Lg" name="UpdatingClerkProfile"/>
          <subvertex xmi:type="uml:State" xmi:id="_Yi-lcOtnEeqf2O5IBgh2Lg" name="ManagingLoans"/>
          <subvertex xmi:type="uml:State" xmi:id="_chUqUOtnEeqf2O5IBgh2Lg" name="AddingNewRole"/>
          <subvertex xmi:type="uml:State" xmi:id="_e0BswOtnEeqf2O5IBgh2Lg" name="AssigningNewRole"/>
          <subvertex xmi:type="uml:State" xmi:id="_iop08OtnEeqf2O5IBgh2Lg" name="CustProfileUpdated"/>
          <subvertex xmi:type="uml:State" xmi:id="_k4Fg8OtnEeqf2O5IBgh2Lg" name="ClerkProfileUpdated"/>
          <subvertex xmi:type="uml:State" xmi:id="_mkta0OtnEeqf2O5IBgh2Lg" name="LoanManaged"/>
          <subvertex xmi:type="uml:State" xmi:id="_oXaukOtnEeqf2O5IBgh2Lg" name="NewRoleAdded"/>
          <subvertex xmi:type="uml:State" xmi:id="_qCg-cOtnEeqf2O5IBgh2Lg" name="RoleAssigned"/>
          <subvertex xmi:type="uml:State" xmi:id="_SMItQOtpEeqf2O5IBgh2Lg" name="ActionDone"/>
        </region>
      </ownedBehavior>
      <ownedReception xmi:type="uml:Reception" xmi:id="_SBM3UOtjEeqf2O5IBgh2Lg" name="loggedAsManager" signal="_crczgOtjEeqf2O5IBgh2Lg"/>
      <ownedReception xmi:type="uml:Reception" xmi:id="_On6dsO6MEeqAi7PxicS0Lg" name="managerLoggedOut" signal="_S8MWUO6MEeqAi7PxicS0Lg"/>
    </packagedElement>
    <packagedElement xmi:type="uml:Association" xmi:id="_VT-2sOtjEeqf2O5IBgh2Lg" memberEnd="_VT_dwOtjEeqf2O5IBgh2Lg _VT_dwetjEeqf2O5IBgh2Lg" navigableOwnedEnd="_VT_dwetjEeqf2O5IBgh2Lg">
      <eAnnotations xmi:type="ecore:EAnnotation" xmi:id="_VT-2setjEeqf2O5IBgh2Lg" source="org.eclipse.papyrus">
        <details xmi:type="ecore:EStringToStringMapEntry" xmi:id="_VT-2sutjEeqf2O5IBgh2Lg" key="nature" value="UML_Nature"/>
      </eAnnotations>
      <ownedEnd xmi:type="uml:Property" xmi:id="_VT_dwetjEeqf2O5IBgh2Lg" name="branchmanager" type="_j5EpEOj4EeqqrfOaDOvAxA" association="_VT-2sOtjEeqf2O5IBgh2Lg">
        <lowerValue xmi:type="uml:LiteralInteger" xmi:id="_W59WAOtjEeqf2O5IBgh2Lg" value="1"/>
        <upperValue xmi:type="uml:LiteralUnlimitedNatural" xmi:id="_W6AZUOtjEeqf2O5IBgh2Lg" value="*"/>
      </ownedEnd>
    </packagedElement>
    <packagedElement xmi:type="uml:Association" xmi:id="_jti14OtmEeqf2O5IBgh2Lg" memberEnd="_jtjc8etmEeqf2O5IBgh2Lg _jtjc8utmEeqf2O5IBgh2Lg" navigableOwnedEnd="_jtjc8utmEeqf2O5IBgh2Lg">
      <eAnnotations xmi:type="ecore:EAnnotation" xmi:id="_jti14etmEeqf2O5IBgh2Lg" source="org.eclipse.papyrus">
        <details xmi:type="ecore:EStringToStringMapEntry" xmi:id="_jtjc8OtmEeqf2O5IBgh2Lg" key="nature" value="UML_Nature"/>
      </eAnnotations>
      <ownedEnd xmi:type="uml:Property" xmi:id="_jtjc8utmEeqf2O5IBgh2Lg" name="clerk" type="_U7VagOhgEeqyOekjLEXNnQ" association="_jti14OtmEeqf2O5IBgh2Lg">
        <lowerValue xmi:type="uml:LiteralInteger" xmi:id="_mKZ54OtmEeqf2O5IBgh2Lg" value="1"/>
        <upperValue xmi:type="uml:LiteralUnlimitedNatural" xmi:id="_mKc9MOtmEeqf2O5IBgh2Lg" value="*"/>
      </ownedEnd>
    </packagedElement>
    <profileApplication xmi:type="uml:ProfileApplication" xmi:id="_vzhn0GOAEeqMd-onYSsu2g">
      <eAnnotations xmi:type="ecore:EAnnotation" xmi:id="_vzhn0WOAEeqMd-onYSsu2g" source="http://www.eclipse.org/uml2/2.0.0/UML">
        <references xmi:type="ecore:EPackage" href="../UMLFairness/model.profile.uml#_34Z2UL1SEemhV-rmp0ri8g"/>
      </eAnnotations>
      <appliedProfile xmi:type="uml:Profile" href="../UMLFairness/model.profile.uml#_iG61EGzDEemlJ-dlSmJotw"/>
    </profileApplication>
    <profileApplication xmi:type="uml:ProfileApplication" xmi:id="_4uKyIGOBEeqMd-onYSsu2g">
      <eAnnotations xmi:type="ecore:EAnnotation" xmi:id="_4uLZMWOBEeqMd-onYSsu2g" source="http://www.eclipse.org/uml2/2.0.0/UML">
        <references xmi:type="ecore:EPackage" href="http://www.umlsec.de/profiles/UMLsec#/"/>
      </eAnnotations>
      <appliedProfile xmi:type="uml:Profile" href="platform:/plugin/carisma.profile.umlsec/profile/UMLsec.profile.uml#_kGQWQDnkEeCyb9nmG-9Lpw"/>
    </profileApplication>
    <profileApplication xmi:type="uml:ProfileApplication" xmi:id="_4uLZMGOBEeqMd-onYSsu2g">
      <eAnnotations xmi:type="ecore:EAnnotation" xmi:id="_4uMAQGOBEeqMd-onYSsu2g" source="http://www.eclipse.org/uml2/2.0.0/UML">
        <references xmi:type="ecore:EPackage" href="http://www.umlsec.de/profiles/UMLsec/RABAC#/"/>
      </eAnnotations>
      <appliedProfile xmi:type="uml:Profile" href="platform:/plugin/carisma.profile.umlsec.rabac/profile/RABAC.profile.uml#_DhVN4LhMEeSB1MgAxQm9IQ"/>
    </profileApplication>
    <profileApplication xmi:type="uml:ProfileApplication" xmi:id="_dCJHcOeNEeqHrfjIInc3VQ">
      <eAnnotations xmi:type="ecore:EAnnotation" xmi:id="_dCKVkOeNEeqHrfjIInc3VQ" source="http://www.eclipse.org/uml2/2.0.0/UML">
        <references xmi:type="ecore:EPackage" href="pathmap://PAPYRUS_ACTIONLANGUAGE_PROFILE/ActionLanguage-Profile.profile.uml#_Kv8EIKFXEeS_KNX0nfvIVQ"/>
      </eAnnotations>
      <appliedProfile xmi:type="uml:Profile" href="pathmap://PAPYRUS_ACTIONLANGUAGE_PROFILE/ActionLanguage-Profile.profile.uml#ActionLanguage"/>
    </profileApplication>
  </uml:Model>
  <UMLFairness:critical xmi:id="_G0xHsG26EeqANq8BVjvxEg" base_StructuredClassifier="_fDKz8GhUEemzivOVBVTQnA">
    <protectedData>(age, gender, healthy)</protectedData>
  </UMLFairness:critical>
  <UMLFairness:indvidualFairness xmi:id="_W-1ikG26EeqANq8BVjvxEg" base_BehavioredClassifier="_F2VGIGhWEemzivOVBVTQnA" threshold="0.6" metric="(conditionalEntropy)">
    <explanatoryData>(goodCreditHistory, (hasFreeAccount))</explanatoryData>
    <sensitiveDecisions>(hasFreeAccount)</sensitiveDecisions>
  </UMLFairness:indvidualFairness>
</xmi:XMI>
